CreditScore,Income,LoanAmount,LoanIncomeRatio,NumPayLate,HasCreditCard,Age,SeniorityYears,default
698,1902970,233248,0.12257050820559441,1,1,59,14,0
740,1831064,1251882,0.6836910124386696,0,1,49,29,0
706,517583,264726,0.5114657938919941,2,0,35,26,0
715,2761050,1927156,0.6979793918980098,0,1,63,27,0
652,2535438,1044131,0.41181484224816384,1,1,28,16,0
650,527189,807910,1.5324864517279382,1,1,41,13,0
668,2351811,474169,0.20161866748646043,1,0,59,26,0
701,2376198,800270,0.3367859075716754,2,1,39,17,0
630,1768919,190417,0.1076459690918578,1,1,43,25,0
658,2950324,813611,0.27577005101812546,1,1,31,1,0
628,2356501,528638,0.22433175288276982,1,0,31,3,0
658,1104807,1160560,1.0504640176972087,2,1,44,17,0
562,1720858,1237888,0.7193434902821731,3,1,56,6,1
832,2048982,292458,0.14273331830147848,0,0,60,12,0
598,2669310,1231867,0.4614926703904754,1,1,44,14,0
624,1745065,893567,0.5120537057358895,1,0,23,24,0
592,1002495,624608,0.623053481563499,0,1,42,22,1
693,1713562,1120462,0.653878879200169,1,1,22,27,1
636,2296961,1635963,0.7122293325833569,1,1,44,21,0
582,1838814,777044,0.4225789014005767,0,1,64,25,1
695,378077,1073417,2.8391491680266188,0,1,50,0,0
705,1554352,515105,0.3313953338754671,1,1,58,10,0
645,615018,1899785,3.088990891323506,1,0,22,9,0
603,2466239,1508791,0.61177809612126,4,1,41,24,1
803,2147305,1852835,0.8628653125662167,0,1,53,4,1
673,2113205,1403659,0.6642322917085659,0,1,32,15,0
560,1941232,1103466,0.568435921105772,3,0,42,10,1
748,1689678,734151,0.4344916605412392,2,1,64,20,0
590,2692216,141777,0.052661822082626354,1,1,45,5,0
841,551514,146250,0.26517912509927216,1,1,69,8,0
655,1228660,991372,0.8068725277945078,1,1,47,12,0
720,2539332,1450850,0.5713510482284317,2,1,62,23,0
504,2268880,575147,0.25349379429498253,2,0,48,7,0
560,1084192,1853282,1.7093669755910392,1,1,36,13,1
743,2369694,1020041,0.4304526238408841,0,0,35,23,0
672,735928,1888698,2.5664168233848965,2,1,67,0,0
792,1220114,115216,0.0944305204267798,3,1,64,16,1
683,901891,446293,0.49484139435918534,1,0,23,23,0
660,1621448,627297,0.38687457137077474,1,1,57,4,0
769,2754398,976336,0.3544643874995553,0,0,27,24,0
720,1837111,1833263,0.9979054069133547,1,1,41,1,1
636,2482926,245281,0.0987870762157229,0,0,29,24,0
573,2273343,803803,0.35357752877590404,0,1,59,27,1
483,2785670,1687893,0.605919940265717,1,1,38,29,0
619,712672,1609405,2.258268881056082,1,1,24,23,1
566,1414518,834803,0.590167816881793,0,1,45,8,0
831,837977,288069,0.34376719170096554,1,1,34,3,0
604,2299014,1512891,0.6580608034574822,0,1,29,16,0
602,1858141,214456,0.11541427695745371,0,1,46,16,0
543,2810241,1473279,0.5242536138359664,2,1,22,20,0
631,2148058,951324,0.44287630967134034,2,0,40,17,0
603,890504,956841,1.0744937698202366,0,1,48,15,0
771,2743336,919497,0.33517476532222085,2,1,67,29,0
661,2943084,1915335,0.6507918224556282,0,1,27,7,1
649,2459173,482688,0.19628061954161014,0,1,64,25,0
640,760115,1518060,1.9971451688231385,1,1,28,10,0
705,342291,133783,0.3908458007952298,1,1,67,20,0
618,728276,134152,0.1842048893551346,0,0,55,20,0
696,694754,1731605,2.492400187692334,3,0,34,17,1
762,603664,544718,0.9023529645630682,0,1,37,22,0
682,2422827,1701956,0.7024669941353634,1,1,56,28,0
632,973647,248725,0.2554570598995324,1,1,60,23,0
583,2659470,591215,0.22230557216287455,1,1,24,9,0
630,2368671,1903500,0.803615191810091,1,1,22,12,0
689,1008672,271541,0.26920644173725455,1,1,26,16,0
542,2278192,1927000,0.8458461797776482,1,1,62,17,0
708,637369,1497203,2.3490364294466786,2,1,24,9,0
664,612863,1008017,1.6447672644620412,1,1,49,15,0
639,2527039,421898,0.16695349774973794,2,0,38,19,0
603,596063,785338,1.317541937681084,0,1,46,4,0
616,1683875,1236168,0.7341210006681018,0,0,64,12,1
691,2730865,1505263,0.5512037394744889,1,0,54,17,0
641,2176336,143169,0.06578441931760537,1,1,30,16,0
614,858963,1590079,1.8511612258036725,1,1,56,8,1
682,1843586,154745,0.08393695764667339,1,1,34,13,0
685,2768665,1783032,0.6440042403107635,1,0,51,16,0
562,2578669,738273,0.2863000253231415,0,0,68,28,0
690,2467457,1138347,0.4613442098484391,0,1,35,3,0
825,992924,1940551,1.9543801942545451,1,1,28,17,0
682,2870115,1860328,0.6481719373613949,1,0,34,26,0
531,1961655,121067,0.061716764670647996,3,1,43,19,1
662,778108,151033,0.19410287517928101,0,0,60,23,0
521,894821,145256,0.1623296726384383,0,0,41,23,0
850,2584408,845993,0.32734498577623966,0,1,36,14,0
806,776128,339455,0.4373698668260905,1,1,65,10,0
603,1323920,602264,0.4549096622152396,2,1,38,11,0
492,1333668,1348993,1.011490865792686,1,1,67,8,0
588,1742181,1039695,0.5967778319244671,0,1,44,12,1
637,1710023,186803,0.10924005115720666,1,0,46,14,0
526,2639340,1352390,0.5123970386536028,2,0,45,26,1
645,2773199,218843,0.0789135579523864,0,0,65,14,0
636,1153823,579809,0.5025112170584223,1,1,61,27,1
658,2634653,653280,0.2479567517999524,0,0,49,4,0
666,1668722,1361179,0.8157014769386393,3,0,35,22,0
582,597675,673091,1.126182289705944,2,1,65,18,1
590,1008175,1520695,1.5083641232920872,2,1,21,25,0
653,2167306,1867413,0.8616286763382743,1,1,45,19,0
605,563625,244282,0.43341228653803504,1,0,27,25,0
713,1142840,576545,0.504484442266634,3,1,29,24,0
652,500339,1174846,2.348099988207995,1,0,44,25,0
780,1994814,1603800,0.8039847324111421,0,1,21,25,1
707,1234339,1917793,1.553700401591459,1,0,64,13,0
727,425355,631740,1.4852064745918117,1,1,28,27,0
659,327798,1452206,4.430185663121801,1,1,44,16,0
661,915937,1163435,1.2702129076563127,3,1,31,17,1
771,1675607,1044740,0.6234994243876995,0,1,37,20,0
623,319477,1049403,3.2847528930095122,1,0,28,2,0
688,2614552,1704947,0.6520990976656804,1,1,55,1,0
631,2787111,1260038,0.4520946600260987,0,1,55,0,0
631,2309606,1296311,0.56126932472465,2,1,53,9,1
568,1859757,349737,0.18805521366501107,0,1,25,18,0
598,2262434,1429773,0.6319623025467263,0,1,62,16,0
585,705105,242157,0.343433956644755,2,1,59,11,0
691,2277334,1500465,0.6588690986917158,0,0,61,0,0
722,573586,290167,0.5058822914087862,2,1,48,11,0
643,2181297,693805,0.31806993728960337,0,0,27,16,0
666,2188755,1825089,0.8338480094848442,0,0,29,23,1
639,1123759,1284895,1.1433901752955928,2,1,28,2,0
593,634971,1028057,1.6190613429589698,1,1,32,10,0
710,1979328,1562603,0.7894613727487308,1,1,54,16,0
695,431184,1375029,3.1889610931759993,2,0,53,22,1
517,1435627,1023639,0.7130257371866091,0,0,68,25,1
630,2547805,236645,0.09288191207725865,0,1,43,2,0
588,545300,1660611,3.0453163396295615,0,0,44,7,0
622,884010,1142092,1.291944661259488,1,1,57,19,0
603,392036,1752131,4.469311491801773,1,0,55,3,0
646,2101498,1286837,0.6123427193363972,1,0,64,20,1
626,2544747,442221,0.17377798264424715,0,1,60,21,0
625,1153392,536862,0.4654636064755088,0,1,42,6,0
727,2121573,438767,0.20681211535026134,0,1,47,13,0
689,581696,1279580,2.199740070414787,2,1,55,13,1
600,1490456,1653763,1.1095684810554622,1,0,21,3,0
611,535419,153687,0.28704061678797355,0,1,55,15,0
684,1290029,954744,0.7400949901126254,0,1,57,23,0
684,454692,1256191,2.7627294960104862,1,1,67,28,0
607,563031,493120,0.8758309933200836,0,0,34,21,0
633,2691098,651852,0.24222529242710597,0,1,23,29,0
779,1957888,1963843,1.003041542723588,0,1,21,0,0
608,2885917,1079091,0.37391615905793546,1,1,25,16,0
783,942927,631985,0.6702374627092023,0,0,46,24,1
727,2253256,704453,0.3126378005872391,1,0,34,9,0
770,2124964,1877858,0.8837128534883415,2,1,59,21,1
605,1688509,1034550,0.6127003172621526,1,1,47,15,1
638,2798214,682111,0.24376655966984656,1,1,29,15,0
618,783779,633903,0.8087777294364865,0,1,35,25,0
728,2895104,606554,0.20951026284375276,3,1,35,7,0
610,870508,1016931,1.1682040831330671,1,0,46,28,0
701,2794133,700724,0.2507840535865687,0,1,62,6,0
697,679270,1864455,2.744792203394821,1,0,33,27,1
646,2216494,1531282,0.6908577239550389,1,1,52,5,0
740,1868146,957549,0.5125664696442355,1,0,59,15,0
657,783455,659070,0.8412352974963463,2,0,69,19,0
708,2519484,1227109,0.48704774469693,0,1,52,15,0
615,847219,340011,0.40132598537096076,1,1,24,6,0
599,2486268,1337903,0.5381169688867009,2,1,50,8,1
701,551671,1653744,2.997699715953893,1,1,57,13,0
680,1924777,172684,0.08971636714279109,0,1,43,10,0
667,814265,1598710,1.9633780157565413,2,1,59,25,1
625,928380,1930029,2.078921346862276,0,0,65,25,1
758,2626729,1888220,0.7188484232671128,1,1,35,13,0
571,2800929,1365197,0.4874086419184492,1,0,63,6,0
568,395556,1383871,3.4985463499479215,2,1,49,0,0
715,2197883,875723,0.39843931637853336,1,0,56,25,0
710,1505565,1930288,1.2821020679944075,1,1,33,24,0
674,2792356,1047509,0.37513447425758034,2,0,52,12,0
629,1855537,1941646,1.0464065119693113,0,1,27,19,0
685,2245049,1972427,0.8785674611110937,1,1,42,2,1
770,952755,1706241,1.790849693782767,1,1,48,19,0
826,1756048,1779108,1.0131317594963236,1,1,22,3,1
534,1043088,1847052,1.770753761906953,0,1,62,28,0
620,950443,1054138,1.1091017557076017,2,1,65,25,0
616,2895834,837651,0.2892607103860235,0,1,26,10,0
763,359778,1696246,4.714701843914859,4,0,48,1,0
476,1394409,1919239,1.3763816785462515,0,1,48,13,0
685,1109057,811423,0.7316332704270385,2,1,64,11,0
632,2953528,253466,0.0858180454019735,0,0,64,29,0
764,1813083,334318,0.18439199970437095,1,1,40,16,0
755,2473513,472778,0.19113625034515686,1,1,50,11,0
675,1698949,231936,0.13651734101494511,2,1,31,25,0
539,1963129,1057726,0.5387959731632511,1,0,48,11,0
609,822154,747952,0.9097468357509664,1,0,45,0,0
617,1311930,776315,0.5917350773288209,0,0,59,12,0
557,1967740,472818,0.2402847937227479,0,1,53,13,0
730,1379525,1252109,0.9076377738714413,0,0,21,23,0
548,2085818,968277,0.4642193134779736,0,1,47,29,0
787,1460117,1396573,0.9564801998743936,2,1,33,1,0
787,2382963,1218166,0.5111980337084545,1,1,61,11,0
623,2068555,1538495,0.7437534897549255,1,1,23,25,0
672,361842,428615,1.184536344592391,0,1,59,20,0
644,2885171,1652268,0.5726759349792439,0,1,26,27,1
713,1581506,581530,0.36770647724384226,2,1,28,15,0
739,589134,1664371,2.825114490082053,0,1,47,3,0
668,430356,1454018,3.3786400096664155,1,0,29,7,0
682,2285313,1604900,0.7022670417575185,3,1,57,1,1
606,1037090,1393512,1.3436750908792872,1,0,53,9,1
680,1214565,1721788,1.4176170069119396,1,1,62,8,1
661,1087738,509925,0.468793955897468,0,0,64,22,0
586,1352425,1158302,0.8564630201305063,1,1,44,14,1
649,2409512,291896,0.1211432024409922,3,1,35,12,0
623,2770368,1189118,0.4292274528149329,1,1,52,22,0
607,1077567,513461,0.47650030114136754,2,1,52,16,0
569,2658597,1183329,0.44509528898136874,1,0,44,29,0
654,2049736,966220,0.4713875347849674,0,1,61,15,0
595,1870234,383460,0.20503316697268897,1,1,69,27,0
617,2827331,333979,0.11812518590854768,1,0,69,1,1
725,2451482,708986,0.2892071000317359,0,1,32,19,0
694,351707,378104,1.0750539511582085,3,1,59,19,1
581,580833,1179367,2.0304751968293813,1,1,22,26,0
674,1388963,1125270,0.810151170333551,0,1,23,13,1
659,2209824,387360,0.1752899778443894,0,1,69,2,0
769,2177145,1475147,0.677560291115199,1,1,57,22,0
746,2583785,697578,0.26998299007076826,1,0,69,11,0
542,2019374,671302,0.33243074338879275,1,1,37,7,0
710,1134874,235150,0.2072036190801798,0,1,69,1,0
738,1189493,1095893,0.9213110123388705,3,1,22,3,1
689,2793362,1199095,0.4292658810422709,1,0,22,13,0
626,1078799,1939050,1.7974154592282714,0,0,48,15,1
818,2379610,673340,0.2829623341640017,1,1,43,18,0
695,1179459,1162965,0.9860156224167181,1,0,57,1,0
788,2481533,458105,0.1846056449783259,2,1,52,11,0
744,2122744,1740975,0.8201530660315139,1,1,53,28,0
682,2591136,980147,0.37826922245686834,1,1,21,13,0
609,1038096,937165,0.9027729612675514,0,1,39,5,0
648,553091,1969762,3.5613705520429733,0,1,22,12,1
634,1152050,972318,0.8439894101818497,0,0,64,3,1
564,2661216,1306329,0.4908767270300494,1,1,46,21,0
695,2867587,1762388,0.6145891999091919,0,0,52,17,0
759,901160,443150,0.49175507124151097,1,1,26,11,0
629,564237,1959712,3.473207180670534,2,1,52,19,0
801,575049,1646064,2.8624760672568774,2,1,24,26,1
540,946047,1243489,1.314405098266788,1,1,31,21,0
723,2814719,718396,0.2552283194166096,2,1,37,29,0
767,2208911,879091,0.3979748391854629,2,1,58,20,0
635,1719920,369637,0.21491522861528442,1,1,44,18,0
636,2479441,169639,0.06841824427360844,2,1,25,7,0
722,2054867,1380028,0.6715899374509396,0,0,54,6,0
685,1749466,1465103,0.8374572583862733,1,1,26,15,0
510,1661236,1806930,1.0877021687466442,0,1,42,18,1
590,2388062,1873216,0.7844084450068717,1,1,31,5,1
649,2656632,409378,0.1540966155643687,1,0,68,19,0
554,2134907,1064795,0.4987547466938841,0,0,36,26,0
616,433498,1801538,4.155816174469086,1,1,53,20,1
555,1438585,586084,0.40740310791506934,0,1,29,10,0
624,1023858,1678458,1.6393464718740294,0,1,26,4,0
626,2820311,1909771,0.677149080367378,1,0,36,15,0
674,344816,369515,1.0716295067514268,0,1,49,6,0
643,304138,1720179,5.655916064418126,0,1,23,26,0
685,1096883,1887500,1.7207851703417776,3,1,40,4,1
676,2753159,1800115,0.6538361932601786,1,1,56,10,0
722,521552,332520,0.6375586710433475,1,0,39,14,0
711,343764,1752390,5.097654204628757,2,1,46,2,1
703,2520182,1392035,0.5523549489679713,0,1,23,25,0
850,1218638,771986,0.6334826256853964,0,1,39,4,0
674,2197951,337330,0.15347475899144247,3,0,40,22,0
831,1968531,1254149,0.6370989331638669,3,0,52,20,1
678,616462,1024634,1.6621202928972103,1,1,27,4,1
644,1189855,237900,0.19994032886360102,2,1,61,8,1
623,1714718,419658,0.24473878503637334,0,0,53,14,0
755,2457280,600364,0.24432054955072274,2,1,60,2,0
764,2616280,1654316,0.6323161129542709,1,1,59,28,0
691,1108301,1384283,1.2490135802457996,2,1,38,5,1
729,1582116,1856600,1.1734917035160506,0,0,60,16,0
560,2402191,1653493,0.688327031447541,1,1,21,25,1
541,452353,1821819,4.027427694742823,1,0,31,20,1
737,412935,798419,1.9335222250475257,3,1,48,7,0
641,1883306,1625870,0.8633063347114064,1,1,45,20,1
702,1638306,1846868,1.1273034463647207,0,1,43,24,0
599,2450205,623116,0.25431178207537736,3,1,51,10,0
765,1530137,1603061,1.0476584776395839,0,1,50,5,1
542,2087040,613066,0.2937490417049985,0,1,62,7,0
553,386346,364179,0.9426239691882405,2,1,55,9,0
751,629231,1258343,1.9998108802649583,1,0,27,23,0
467,705841,533961,0.7564890676512133,0,0,36,28,1
676,858685,641529,0.747106331192463,0,1,46,2,1
642,1669391,677263,0.40569465152262113,1,1,68,22,0
598,416214,254226,0.610805979616255,1,1,69,13,1
636,2882153,1062454,0.3686320608239743,3,1,22,22,0
590,1153329,591818,0.5131389221982626,1,0,21,13,1
757,2030085,156396,0.0770391387552738,2,1,68,9,0
776,2326110,1641019,0.7054778148926749,0,1,32,11,0
601,1747075,218920,0.12530658386159724,2,0,25,5,0
669,700826,506547,0.7227856843210726,1,1,57,11,1
557,736542,294999,0.40051891134517786,0,1,52,22,1
725,1625644,1759090,1.0820880832457782,1,1,29,13,1
723,672397,1757583,2.613906665258768,2,1,61,1,1
629,2759593,163014,0.05907175442175712,1,1,55,8,0
651,2136022,1712210,0.8015881858894712,1,0,39,9,0
643,2931543,694699,0.23697383937400884,1,0,68,25,0
536,1824314,285550,0.15652458951693624,1,1,36,16,0
758,2362087,1816190,0.7688920856852436,0,0,23,16,1
596,726674,1335382,1.8376631061521398,1,1,40,2,1
596,1308109,1570413,1.2005215161733465,1,0,44,29,1
639,382409,1133994,2.965395688908995,1,1,53,18,0
719,998876,438585,0.43907852426126964,1,0,44,0,0
608,2295141,1194697,0.5205331611434766,1,0,31,11,0
513,1356600,1144890,0.8439407341884122,2,1,69,6,0
587,2872582,1885354,0.6563273041465831,1,0,28,3,0
679,1583440,422341,0.2667237154549588,1,0,56,9,0
803,1523451,1233153,0.8094471039764325,2,0,58,12,1
561,1236800,456778,0.3693224450194049,1,1,60,1,0
559,2227716,1397682,0.6274058273137151,1,0,40,9,0
544,2221672,1584223,0.7130769078423818,1,0,55,20,1
535,1492503,1135141,0.7605619553193528,0,1,68,21,1
734,1433754,1641037,1.1445736158364685,0,0,45,24,0
754,1347380,760197,0.5642038623105583,0,1,55,3,1
662,1187553,605200,0.5096193601464524,0,1,45,17,1
617,1865116,1631817,0.8749144825308452,3,1,49,4,0
775,1746250,576379,0.33006671438797425,0,1,38,18,0
662,1412186,1620871,1.1477744433098755,1,1,66,1,1
726,1943707,1554407,0.7997126110056711,2,1,38,11,1
613,2053767,625754,0.3046859746017927,1,0,22,16,0
653,998787,1965779,1.968166385826007,1,1,55,9,0
563,2575419,1136149,0.44115112919489996,0,1,36,1,0
694,2208241,446030,0.2019842942867196,1,1,61,5,0
663,2552641,428055,0.1676910305836191,1,1,56,7,0
587,644126,1902502,2.953617770436219,1,0,53,28,0
588,1978997,1562538,0.7895605703293133,0,1,24,18,1
763,2705514,188422,0.06964369801819544,0,0,53,10,0
788,1213081,1651676,1.3615545870391177,0,1,34,24,1
635,2142360,1115691,0.5207766201758808,0,1,41,11,1
654,1437411,435513,0.3029843238990101,1,1,68,8,0
678,1970357,1936901,0.9830203359086703,0,1,40,1,1
660,2045030,1441293,0.7047784140085964,0,1,28,7,0
532,2499100,1769771,0.7081633388019687,2,1,27,25,1
679,1815331,1058378,0.5830220494223919,0,1,23,10,0
503,593851,832722,1.4022406293834648,0,0,37,27,0
598,597986,986388,1.6495168783215661,0,1,53,20,1
685,2410413,1891396,0.7846771486877975,0,1,68,3,0
691,2765912,1930957,0.6981266938355233,1,1,32,9,1
593,2322784,1575159,0.6781340839268739,1,1,42,20,0
617,1153605,1300847,1.127636409342886,3,0,42,19,0
608,1642501,1134104,0.6904738566369214,1,1,66,15,0
642,2672948,453548,0.16968081683594294,1,1,50,7,0
648,1615823,1878264,1.162419398659383,2,0,58,3,0
696,1070692,944156,0.8818184874828615,1,1,58,28,0
613,1973200,1316053,0.6669638151226435,0,1,65,9,1
676,728745,1377880,1.890757397992439,1,1,28,11,1
685,937787,1126163,1.2008729061076768,1,1,47,28,1
663,973812,1688853,1.7342700644477578,1,0,47,13,0
631,1658126,915363,0.5520467081512502,1,0,54,15,1
662,2722355,1944298,0.7141970830402354,2,0,41,21,0
702,644866,1794000,2.781973309183613,0,1,50,17,0
708,1075107,1490598,1.3864647890861095,2,1,53,20,0
777,836644,452621,0.5409959313638776,2,0,48,21,1
580,952416,572697,0.6013097218022376,0,1,67,20,1
619,1316003,831658,0.6319575259326916,0,1,53,11,1
537,1834263,1799163,0.9808642490199061,2,1,25,17,1
715,2007542,785493,0.3912710169949122,1,1,68,29,0
626,2192628,867976,0.3958610398115868,1,1,39,6,0
664,1774620,1778550,1.0022145586097306,0,0,24,19,0
607,1474846,1518006,1.0292640723167028,0,0,55,23,0
627,2292569,578705,0.25242642642380664,0,1,69,22,0
735,2149395,402619,0.18731736139704427,0,1,37,6,0
698,2728759,706954,0.25907527927530427,0,1,64,8,0
642,1289336,458766,0.35581570668933465,1,0,48,0,0
703,1067286,1861592,1.7442297565975755,1,1,50,25,0
705,1329933,1808569,1.359894821769217,0,0,49,5,1
622,1266020,1559096,1.2314939732389694,0,1,66,5,1
547,2750979,207573,0.07545422920349447,0,1,26,21,0
587,1934925,1901756,0.9828577335038826,1,1,55,28,0
556,2332816,1981554,0.8494257583967189,3,0,61,11,1
731,361753,369152,1.0204531821436174,1,1,57,21,0
743,1752879,410435,0.23414907703269877,1,1,44,11,0
761,1772608,258477,0.14581734935191537,0,1,49,9,0
508,1371984,1396717,1.018027178159512,1,0,69,22,1
724,424116,398530,0.9396721651623613,1,0,66,29,1
804,1322780,1763773,1.3333834802461482,1,1,51,25,1
727,955496,1300475,1.3610470373502348,1,0,55,5,0
499,2414565,919472,0.38080233913769146,1,1,53,16,0
773,1170946,1733218,1.4801861059348596,2,1,41,18,0
652,1404934,440687,0.31367096247937626,2,1,52,17,0
633,2463349,1691021,0.6864723593774167,1,1,43,5,0
681,793992,1115197,1.4045443782808895,2,0,53,23,0
576,2096725,659603,0.3145872730090975,0,0,23,18,0
650,2620644,1446652,0.5520215641651441,1,1,38,9,0
763,1085833,514380,0.47371925517091484,1,1,45,23,0
693,2823222,1818350,0.6440690813545659,1,0,62,7,1
654,376240,1931533,5.133778970869658,2,0,51,20,0
656,535595,1280594,2.390974523660602,1,1,23,23,0
567,1871286,901125,0.481553861889631,0,0,60,5,1
639,1627042,389385,0.23932080425705052,0,1,66,20,0
535,2248061,1001626,0.4455510771282452,1,1,44,24,1
721,2686814,195790,0.0728706936914874,0,0,52,29,0
497,1138357,1033044,0.9074868428796942,1,1,67,6,0
709,490920,696543,1.4188523588364703,1,1,42,23,0
718,1198332,1868693,1.5594117489977735,0,1,43,0,0
742,1179854,1320851,1.1195037691104153,1,0,22,26,0
656,2629228,1865797,0.709636821150543,3,0,47,17,0
714,1371775,1410015,1.0278762916659072,3,1,62,23,1
638,2834957,1159926,0.40915117936533074,0,1,22,27,0
566,463187,1859448,4.014465000097153,0,1,46,24,1
757,755150,418953,0.5547944117062835,1,1,37,19,0
643,809551,201894,0.2493900940150775,0,1,60,11,0
551,1862518,1508277,0.8098053280558899,1,0,53,15,0
617,1354096,536048,0.39587148917063486,2,1,29,9,0
620,1982678,1704592,0.8597422274317867,1,1,63,26,0
682,467527,379720,0.8121883869808588,3,1,68,9,1
814,1887819,1570793,0.8320675869879475,1,1,59,13,0
686,1523697,1669417,1.0956358121070002,1,0,49,24,1
664,1287797,1231960,0.956641458242254,2,1,62,19,0
821,1820373,1148966,0.6311706446975428,1,1,46,9,0
718,2647296,1629327,0.6154683873658253,0,1,55,9,0
667,2462077,931868,0.3784885687978077,1,1,45,25,0
616,2766512,1684433,0.6088652425870554,0,1,44,24,0
672,894557,506245,0.5659169846080239,1,1,33,10,0
645,1290121,122490,0.09494458271743503,0,1,27,22,0
656,1699757,932307,0.5484942847712938,0,1,56,1,0
742,2025049,1642656,0.8111685198728524,0,1,65,24,0
612,783442,1940875,2.47736909688273,3,1,40,19,1
685,1377921,705108,0.5117187414953397,0,0,21,7,0
716,1720827,1510235,0.8776216319246501,2,1,28,29,0
603,2256874,371265,0.16450408839837757,3,1,66,22,0
592,1309869,101539,0.07751843886678744,0,1,36,28,0
639,793814,1558819,1.9637081230615736,0,1,34,6,1
617,2728462,1538122,0.5637322418270806,1,0,32,7,0
730,2051797,412579,0.20108178343179176,1,1,43,0,0
579,397406,615584,1.549005299366391,1,0,35,20,1
654,1876317,163965,0.08738661963836601,3,1,48,1,0
828,2976375,1663825,0.5590105413464366,0,1,54,17,0
678,684583,1521768,2.2229123422579877,0,0,22,14,1
690,1321436,1480642,1.1204795389258353,0,1,52,0,0
731,1302429,1246375,0.956961953396308,0,1,43,4,0
617,1909184,1242524,0.6508141698233382,0,1,42,1,1
574,1449122,1624631,1.1211140262862616,2,0,45,19,0
662,904489,1291890,1.4283092442251923,2,1,42,2,1
668,2628476,348099,0.13243377531314723,2,0,42,18,0
536,784273,1130065,1.4409076941320178,1,1,69,17,1
676,2033985,895379,0.44020924441429016,1,0,62,28,0
724,2059989,867610,0.42117215189013146,2,1,26,21,0
586,1219424,826826,0.6780463563124886,0,0,35,17,0
680,2703233,1907642,0.7056890767462516,2,1,63,13,0
712,1491855,1404397,0.9413763401939197,1,0,57,29,0
691,988332,1865752,1.8877786007131208,3,1,53,23,1
697,1752591,1459505,0.8327698818492164,1,1,28,7,0
632,1026448,1006395,0.9804636961638583,1,1,64,28,0
571,2819284,1935515,0.6865271466088553,0,1,64,29,1
618,370463,1608764,4.3425767215619375,2,1,25,11,1
608,2490652,1831087,0.7351837992622012,1,0,59,20,1
644,1556348,1160194,0.7454592417634103,0,0,24,9,1
726,2958598,436430,0.14751243663383806,1,1,26,22,0
558,1433183,1426842,0.9955755824622536,0,0,65,19,1
660,2730992,762714,0.27928093527919523,1,1,52,16,0
575,1147942,710724,0.6191288410041622,2,1,50,10,0
598,420076,310448,0.7390281758538931,0,0,67,1,0
689,1407268,1070278,0.7605360173044509,1,1,55,25,0
566,955129,595919,0.6239146753998674,0,0,60,25,0
701,1017104,1284685,1.263081258160424,1,1,36,3,0
555,1102242,1177209,1.0680131949245266,1,1,33,0,1
696,1222630,910927,0.7450553315393864,0,1,62,14,1
541,2558233,950982,0.37173392728496585,0,1,50,12,0
606,1460294,312456,0.2139678722229907,3,1,39,7,0
782,1701652,1447203,0.8504694261811463,0,0,37,24,1
769,824480,475325,0.5765148942363671,0,0,39,3,0
621,2644688,566589,0.2142366131657118,1,0,48,9,1
677,336413,396213,1.1777576966407362,1,1,46,18,0
734,1995994,1287018,0.6448005354725516,1,1,57,17,1
697,2972380,1792737,0.6031318337493861,1,1,46,4,0
630,864430,1003275,1.1606202931411451,1,1,43,29,0
597,2433620,1220523,0.501525710669702,1,1,29,18,0
710,1248202,270205,0.21647537818397983,1,0,32,25,0
729,966015,1899971,1.9668131447234256,3,1,21,22,1
770,1771867,1244337,0.702274493514468,1,1,21,26,0
531,1215480,1524473,1.2542147958008358,1,1,67,21,1
562,342056,1018196,2.976693874687186,0,1,54,15,1
731,2448983,1701790,0.6948966162688757,0,1,52,0,0
541,1073952,1253276,1.1669758052501416,0,0,68,11,1
736,1208380,1484704,1.2286730995216737,0,1,45,23,0
634,726488,1585182,2.1819796059948686,3,0,60,1,0
613,932405,673881,0.7227342195719672,0,1,65,20,1
664,2673967,1118454,0.41827516943926385,2,1,21,24,0
555,1637768,105209,0.06423925733070862,2,1,36,7,1
707,2160971,1799564,0.8327571263103485,1,0,59,17,1
768,2965394,499749,0.1685270152971241,0,0,25,24,0
710,1814101,1759461,0.9698803980594245,1,1,42,15,1
632,2630344,1417931,0.5390667532459633,2,1,49,4,0
542,1706150,1158503,0.6790159130205433,0,1,23,25,1
545,825005,1881399,2.2804698153344525,2,1,32,29,0
556,1529458,741621,0.4848913798221331,1,0,46,21,0
649,2369441,1304242,0.5504429103742191,2,1,36,12,0
657,1467272,830212,0.5658201069740307,2,1,57,18,0
710,2402146,1357361,0.5650618238858087,0,1,42,28,0
524,2466452,438526,0.17779628389281446,1,1,49,2,1
741,2703245,239005,0.08841410970888691,0,1,34,25,0
698,861693,1776644,2.06180623493518,1,1,48,7,0
627,1645592,1129661,0.6864769639132908,1,0,25,26,1
566,2047378,1713560,0.8369534106549938,1,0,67,25,1
737,2913631,296521,0.10177026534931843,0,1,69,25,0
628,1793551,1478336,0.8242508855337819,0,0,50,11,0
648,2736831,1023593,0.37400665221930035,2,1,66,1,0
676,2006517,549764,0.27398920617168954,3,1,25,10,0
586,655054,1305771,1.9933791717934706,1,1,32,11,1
630,1555715,1549589,0.9960622607611291,2,1,36,27,0
710,1466670,1198589,0.8172179154138286,0,1,46,17,0
703,980667,501562,0.5114498601462066,0,1,46,12,0
704,1425424,316486,0.22202937511926277,2,1,68,4,0
569,1516593,526888,0.3474155557885339,1,0,41,21,0
633,2314017,1559445,0.6739125079893535,0,1,59,11,0
622,744972,935988,1.2564069522075998,1,1,56,1,1
679,742899,1010155,1.3597474219241108,0,1,53,4,0
673,781215,1912214,2.4477435789123354,2,1,50,6,0
660,1000636,650428,0.6500145907203019,2,1,57,25,0
822,2299482,363328,0.15800428096414756,1,0,43,25,0
629,720162,1576285,2.1887922439673297,1,1,30,23,1
621,1952562,1828782,0.9366063664047544,1,1,25,11,1
569,2288415,211361,0.09236130684338287,1,1,56,15,0
542,345095,1826131,5.2916762051029425,1,1,54,22,1
564,1821722,892038,0.4896674684721379,0,1,51,7,0
599,2789270,497172,0.17824448690876107,1,1,30,29,0
741,2162205,1165131,0.5388624112884763,0,1,39,27,0
652,2262627,1672789,0.7393127545989684,2,1,52,8,0
663,1894874,714673,0.37716122549573217,0,1,21,14,0
643,1765915,1560482,0.883667673698904,1,0,25,4,1
675,650067,1469222,2.2601085734239703,0,1,65,12,0
748,2006826,355658,0.17722413403055373,1,0,24,4,0
510,2359385,1590641,0.6741761094522514,0,0,36,10,0
735,1741246,1830283,1.0511340729569516,0,1,44,9,0
473,2780223,854085,0.30720017782746206,0,1,36,19,0
651,2667322,203844,0.07642271911677705,0,1,22,12,0
803,1675645,1239897,0.7399520781549791,1,1,69,8,1
697,1644385,935488,0.5688984027463155,0,1,48,20,0
676,2668573,1867787,0.6999197698545252,0,0,52,13,1
790,2570463,198234,0.07711995854443343,2,0,47,17,0
600,2838032,574718,0.2025058209350705,1,1,40,14,0
680,1134440,851993,0.7510251754169458,0,1,44,9,0
690,2149691,1098922,0.5111999817648211,0,1,32,23,0
613,956030,825571,0.8635408930682091,1,0,55,6,1
619,1797404,928282,0.5164570680826347,1,1,53,7,0
611,999895,571761,0.571821041209327,1,1,53,27,0
656,2737838,1438563,0.5254375898062632,0,0,63,2,0
688,545144,424464,0.7786272984752652,2,1,57,14,1
658,1544360,654081,0.42352884042580746,1,0,32,15,0
699,1076505,1121911,1.0421790888105489,0,1,23,3,1
512,2728271,1821793,0.6677463492446315,0,1,21,20,1
634,2849565,1168203,0.409958362065789,0,0,53,5,0
578,1449734,1472542,1.0157325412799865,0,1,60,0,1
671,2146585,577317,0.26894672235201494,0,1,30,3,0
670,1412548,1371209,0.9707344458383007,1,1,63,10,0
641,1206450,1069752,0.8866940196444113,1,1,64,11,1
685,1831583,417942,0.2281862192431356,1,1,49,25,0
719,1782795,1897304,1.0642300432747456,0,1,33,28,0
645,582140,1848052,3.174583433538324,0,1,32,4,1
576,1908795,437462,0.22918228515896155,2,1,51,22,1
539,1515358,1514906,0.9997017206495099,0,0,66,28,1
652,858981,1931055,2.2480764999458662,1,0,22,20,0
666,2343321,450046,0.19205478037366627,1,1,55,15,0
582,408944,521773,1.2759033021636215,0,1,43,12,1
700,2097519,433478,0.20666225192715776,1,1,37,12,0
617,2342754,568379,0.24261147350511406,0,1,46,16,0
534,2644724,468863,0.17728239317221758,1,0,28,26,0
737,2258691,1271675,0.5630141528876681,1,0,49,6,1
730,497097,833362,1.6764575123165097,2,1,46,7,0
508,2685365,797974,0.2971566248908435,1,1,30,12,0
610,2253341,1423440,0.6317019927299063,2,1,46,22,0
607,1273737,1468328,1.152771726031355,1,1,54,26,0
764,1433387,207449,0.14472644163788287,1,1,61,15,0
643,1538697,1251404,0.8132881262522771,5,0,27,29,0
545,2777324,1275189,0.4591430456079305,1,0,24,28,1
711,2167829,172095,0.07938587407032566,1,1,65,3,0
563,2317807,730212,0.31504435011198084,3,1,31,7,0
631,754151,1626486,2.1567113217379545,0,0,49,15,0
596,2938439,720740,0.24527989180649998,1,1,56,20,0
610,1804314,187593,0.10396915392775315,1,1,45,9,0
715,1544199,791252,0.51240287035544,1,1,41,24,1
756,995532,1487962,1.4946400517512244,2,0,56,11,0
560,595866,1002473,1.6823799310583252,0,1,30,11,1
693,1097057,226202,0.2061898333450313,0,1,57,25,0
598,498237,177606,0.3564689093744543,1,0,29,4,0
600,2342589,1272345,0.5431362479717953,2,0,44,15,0
684,2928299,218542,0.07463104006797121,1,0,55,0,0
578,1260811,1517158,1.2033191334783722,0,1,69,27,1
682,2105518,1935932,0.9194563998028039,2,1,55,8,1
701,1632559,675610,0.41383496706704015,2,0,68,11,0
619,2446674,1306126,0.5338373645201608,0,0,56,4,0
742,2627385,1743906,0.663742085762079,0,1,38,21,0
560,2795254,1719282,0.6150718324703229,2,1,69,19,0
744,1721969,555433,0.3225569101418202,0,0,59,21,1
513,2404637,724987,0.3014954024245655,0,0,52,27,0
838,1773247,190140,0.10722702477432641,3,1,44,23,0
621,2115920,1615554,0.763523195583954,0,1,43,2,0
568,2282847,1684645,0.7379579095751927,2,1,52,4,0
633,2509853,1547307,0.616493077483024,1,1,57,1,0
576,507352,1528078,3.0118694712940917,0,1,32,13,0
677,1975502,1446853,0.732397638676144,0,1,69,1,1
745,484514,1246204,2.5720701568994913,0,1,33,12,0
580,2842245,1749810,0.6156436197442514,0,1,43,6,1
690,1098658,1233634,1.1228553380578852,1,1,45,9,0
542,2157596,581799,0.26965150102243424,1,0,55,12,1
722,1558624,1300118,0.834144732789948,0,1,61,15,0
679,2035645,1453849,0.7141957463113657,1,1,50,25,1
725,2434171,1419251,0.583053121576093,0,0,37,13,1
641,1262452,1447758,1.14678261034875,3,1,69,10,1
619,1610073,1498659,0.9308018953177899,0,0,40,9,0
707,889421,142674,0.16041222323286722,1,0,68,5,0
558,2070394,227572,0.10991724280499267,1,1,45,3,0
528,2776899,1898594,0.6837101385394283,1,0,42,20,0
649,2555750,1624268,0.6355347745280251,2,1,33,0,0
622,2118036,391975,0.18506531522599237,3,1,39,6,0
688,2389934,681462,0.28513841804836454,1,1,69,23,1
726,1841326,1946287,1.0570029424447382,2,1,56,8,0
687,2814399,531436,0.18882752587675025,2,0,32,7,0
720,768758,1995618,2.5958988394267117,0,1,61,4,0
672,1255205,545935,0.43493692265406847,2,1,39,18,0
684,2771895,880296,0.3175791290795647,1,1,32,9,0
641,2423091,1201627,0.4959066745739223,1,1,29,10,0
682,1266649,1351661,1.0671156729291225,1,1,27,24,0
661,1086635,1467372,1.3503816829018023,2,1,48,14,0
672,1234048,1214100,0.9838353127268955,0,0,34,5,1
638,2164071,1624728,0.7507738886570727,0,1,51,14,1
706,828036,368614,0.4451666352670657,1,0,39,4,1
600,1727989,1609390,0.9313658825374467,0,1,67,28,0
648,2332709,617733,0.2648135708311667,1,0,36,18,0
741,1167196,415617,0.3560815835558038,0,0,25,21,0
583,1500532,1037384,0.6913441366128813,1,1,55,18,0
498,1299074,1904053,1.465700183361379,1,1,32,9,0
675,764462,1193015,1.560594247980933,2,0,45,11,0
632,974619,376452,0.38625555216961704,0,1,41,21,0
720,2744975,191563,0.06978679222943743,1,0,56,3,0
640,1476792,851616,0.5766661791233972,2,1,43,17,1
607,2268183,1445801,0.6374269624629053,0,1,36,15,0
644,2116250,830602,0.3924876550502067,0,1,59,7,0
726,2572759,1592175,0.6188589759087423,1,0,65,3,0
690,709319,1682701,2.372276789427606,1,1,62,24,0
479,2749308,859495,0.3126223035032816,2,0,59,22,0
663,574535,1069655,1.861775174706502,2,0,34,11,0
666,1246405,1790992,1.4369261997504823,1,1,51,1,0
648,2780017,267896,0.09636487834426911,1,1,25,3,0
607,921825,1837009,1.9927958126542455,4,0,55,4,1
733,1217472,721912,0.5929598380907323,3,1,43,2,1
737,2578581,519515,0.20147321336812765,2,0,49,8,0
495,2304517,1117497,0.4849159281532746,1,1,63,28,0
594,1121935,1862797,1.6603430680030482,0,1,31,20,1
639,2362362,130063,0.05505633768237044,0,0,38,17,0
716,2307338,1742317,0.7551199694193048,1,1,67,10,0
652,888574,1139272,1.2821351963933223,2,1,32,2,0
602,2734138,354371,0.12960977097717818,1,1,29,29,0
699,404927,1085976,2.6819056274340807,0,1,30,24,1
635,2149916,202166,0.0940343715754476,2,1,64,22,0
641,2882985,1163082,0.4034297785108143,0,0,37,1,0
648,2696524,1373989,0.5095408014169353,1,1,58,8,0
690,323386,1097358,3.3933379923682536,0,1,27,13,0
628,1526402,1262180,0.8268988117153935,0,1,66,3,1
698,1639022,1174602,0.7166480986832392,0,1,33,28,1
644,1671535,520888,0.3116225505299022,0,1,60,8,0
575,552156,1463133,2.6498543889770283,0,0,62,12,0
647,1149776,1403692,1.2208395374403362,1,0,29,17,0
578,1253122,1475786,1.1776874079299542,0,1,47,14,1
652,769450,290285,0.37726298005068554,0,1,22,27,0
708,623258,1199547,1.9246395553687237,1,1,25,9,0
574,2645876,520497,0.19672010328526357,2,1,49,15,0
675,2598354,213978,0.0823513655183243,1,1,57,11,0
591,414589,1307739,3.1543022125526727,1,1,58,19,0
664,1493982,1985502,1.3289999477905357,0,1,39,4,1
710,919003,203864,0.22183170239923047,0,1,28,1,0
500,493839,1131259,2.2907445543993084,1,1,68,9,1
571,2760450,1036114,0.37534242605372314,0,0,65,0,0
624,806453,494295,0.6129247457694372,2,1,21,6,0
672,2654590,719674,0.2711055191197134,0,1,42,25,0
638,2824055,1588543,0.5625042713403244,2,1,37,16,0
646,745872,1758990,2.3583000836604673,1,1,27,15,1
793,2807743,548648,0.1954053487089096,1,0,45,26,0
565,1855811,1834887,0.9887251449635766,1,1,65,26,1
729,1182894,705151,0.5961235748934393,1,1,24,23,0
625,1956042,440435,0.22516643303160158,2,1,56,2,0
688,2290073,225659,0.09853790687021767,2,0,26,13,0
799,2836655,1863808,0.6570443004172167,1,1,51,9,0
698,1053492,1155811,1.097123661119401,0,1,39,21,0
676,396393,1493453,3.767606895177261,0,1,64,6,0
761,2210332,1211288,0.5480117918937064,0,1,59,25,0
728,2992636,1301121,0.43477422579959607,0,1,47,16,0
594,2798578,1871503,0.6687335496813024,1,1,30,29,0
670,1778081,862178,0.48489242053652226,2,1,46,5,0
529,1870889,225849,0.12071747709244109,3,0,39,22,1
612,2699146,1124903,0.41676256119528177,0,1,59,21,0
671,1845491,355493,0.1926278697647401,4,1,23,3,0
607,937999,704111,0.7506521861963605,1,1,65,16,1
669,1039538,1252791,1.205142091967778,0,0,33,26,0
649,1359670,1913935,1.4076467083924775,1,1,48,8,1
687,2222967,132230,0.05948356408349741,2,0,40,3,0
620,1250922,446717,0.3571101955197846,3,1,48,6,0
584,2140749,847948,0.39609874861555466,0,1,28,22,0
753,1984449,562092,0.2832483979180115,1,1,61,1,0
615,765590,402788,0.52611449992816,0,1,59,16,0
696,1859067,1328312,0.7145046413066339,1,0,21,23,1
750,1733284,931635,0.5374970287615878,1,0,23,7,0
661,1417374,1477397,1.0423480323471435,2,1,33,22,1
590,2598756,1567217,0.603064312309428,0,1,48,29,0
637,2507282,747534,0.2981451627698839,2,0,69,14,0
721,330257,1233393,3.7346460483805037,0,1,45,14,0
664,707427,1387233,1.9609556887141713,0,1,53,7,0
565,1285257,1365609,1.0625182356524805,3,1,58,15,1
691,1401267,331414,0.23651024394351683,1,1,26,18,0
703,2355845,356812,0.1514581816715446,0,1,64,10,0
625,1952632,404958,0.20739084476747283,1,1,65,1,0
692,718829,1743083,2.424892429214737,0,1,52,22,0
667,2935466,270956,0.09230425424787751,1,1,65,23,0
636,843898,1506065,1.7846528845903178,3,1,67,16,1
559,1846933,1405710,0.7611050319638016,2,1,41,27,0
725,625329,1510808,2.4160210065421563,0,0,36,25,1
703,1527222,955754,0.6258120954255505,0,1,41,15,1
690,1341482,121650,0.09068328907879494,2,1,31,24,0
758,1866996,1504962,0.8060874260041264,2,0,57,14,0
716,1843812,1026694,0.5568322583864298,1,0,56,12,0
698,2251144,1973204,0.8765338867704598,2,1,55,14,1
495,2940728,1319097,0.4485613766387099,1,1,39,26,0
733,1165256,1319309,1.1322052836458254,1,0,40,3,0
655,2295957,916141,0.39902358798531506,1,0,38,15,0
671,300917,342037,1.1366489762957892,1,0,67,29,0
672,1151007,1229004,1.0677641404439764,0,0,61,11,1
704,579143,306251,0.5288003135667703,3,1,69,29,1
728,562091,634231,1.1283422079343024,3,1,34,3,1
694,1803637,1847176,1.024139558015277,3,1,35,2,1
683,703157,1587552,2.2577489806686133,0,1,51,21,1
666,2982609,121042,0.04058259061110592,1,1,21,16,0
415,2245692,1925706,0.8575111814086704,0,1,23,21,0
629,2456973,930326,0.3786472216015398,0,1,36,17,0
584,549265,1078582,1.9636823755382193,1,0,43,24,0
734,2834803,418903,0.14777146771750982,1,1,31,17,1
693,2671488,1516693,0.5677334129893153,0,1,32,22,0
617,1684822,1979314,1.1747911648826999,0,1,30,27,0
624,2600986,994801,0.3824707245636847,0,1,52,16,0
622,2107402,1859307,0.8822744782438282,2,0,36,11,0
621,2249902,1824854,0.8110815493297041,1,1,28,22,1
548,1435371,914811,0.637334180501069,2,0,58,20,1
533,628821,482811,0.7678035561789444,2,1,32,23,1
652,959987,601691,0.6267699458430166,1,1,44,3,0
725,543877,1108314,2.037802664940786,2,1,48,11,0
612,1847419,314304,0.1701314103622405,0,1,28,25,0
671,1220759,496178,0.4064504132265255,1,0,48,22,0
701,2061369,1817787,0.8818348388861965,1,1,56,21,0
580,2533437,538963,0.2127398470930992,1,0,46,20,1
648,1892268,1011612,0.5346029209393173,1,1,28,19,0
603,2513697,414493,0.16489377995836413,1,0,48,14,0
762,1767172,301904,0.17084018986267324,2,1,48,22,0
759,2056963,811716,0.3946186683960771,2,0,57,27,0
580,2158997,770105,0.3566957249130036,0,1,61,15,1
677,1085945,105730,0.0973622052682226,2,1,56,4,0
724,1718826,1555713,0.9051020871222567,0,1,47,20,1
709,586663,1902366,3.2426895849917243,0,0,37,14,0
655,1081163,1350786,1.2493823780503033,1,1,29,16,0
741,2157447,838471,0.3886403698445431,2,1,53,17,0
586,1729290,1167599,0.6751898177864905,1,0,40,4,1
628,1294453,1799660,1.3902860899545986,1,1,33,12,1
588,2412147,445430,0.18466121675005712,2,1,48,18,1
704,2420711,928411,0.3835282278636318,0,1,68,29,0
609,821244,1957845,2.3839991525052238,1,1,49,12,0
638,2376967,508213,0.21380734356009148,2,0,33,17,0
693,1699769,800399,0.4708869263999991,1,0,66,13,0
698,2795389,1669186,0.5971211877845981,1,1,55,29,1
586,2025055,120923,0.05971343988187975,0,0,26,3,0
723,744755,1943884,2.610098623037106,0,1,38,3,0
681,788051,947405,1.202212800948162,1,1,25,19,1
574,1125782,1544679,1.3720942420468616,1,1,67,19,0
557,739439,294795,0.3986738595070046,1,1,45,18,1
648,1374093,928854,0.6759760802216443,0,1,22,12,0
709,715466,333462,0.46607665493538475,1,0,30,11,0
711,1564134,151413,0.09680308720352604,1,0,50,6,0
674,2873263,988916,0.3441787264166211,1,1,65,24,0
653,2881434,1404295,0.4873597660053987,0,1,25,11,0
685,1808590,653044,0.36107907264775324,0,0,53,20,0
590,1865615,1482296,0.7945347780758624,2,0,21,3,1
768,2194554,1791112,0.8161621905863332,0,0,38,26,0
767,821396,1421024,1.73001085956104,1,1,52,1,1
680,1454262,1703205,1.171181671528239,2,0,67,1,0
663,1961015,510226,0.2601846492760127,0,1,69,4,0
621,1247272,1275615,1.0227239928419782,2,1,31,22,0
687,1019778,1864694,1.828529346583276,1,1,41,9,0
601,1836178,1835594,0.9996819480464312,0,1,46,9,0
494,2046724,280074,0.13684014063449687,0,1,45,8,0
460,2706126,1907254,0.7047912772723812,0,1,42,12,1
594,2449598,756735,0.3089221170167513,2,1,47,6,0
660,1011943,1772349,1.7514316517827586,0,0,69,4,0
673,1775790,908524,0.5116168015362177,1,1,33,25,0
615,2537300,231562,0.09126315374610806,1,1,53,9,0
659,331085,1152305,3.48039023211562,1,1,54,9,1
630,1666291,1809910,1.0861908274124987,0,0,61,5,0
580,2921158,742510,0.25418344368911233,0,1,55,26,0
646,2248939,1495936,0.6651741109918944,0,1,21,27,0
706,2738064,708148,0.2586309158587966,1,1,41,18,0
583,1860336,358360,0.19263186865168444,0,0,68,20,0
583,335903,459014,1.3665075929658264,0,0,26,7,1
575,1552137,1169974,0.753782687997258,1,1,48,0,0
514,2298173,396794,0.17265627957512336,2,1,37,27,0
616,1963900,728177,0.3707810988339528,3,0,25,16,1
699,912242,1413879,1.5498946551463317,0,1,51,6,0
662,812493,460306,0.566535342458335,0,1,25,13,1
638,1790017,1604558,0.8963926040925868,2,1,58,20,0
659,1169446,1374535,1.1753727833521173,0,1,23,29,1
615,941593,727122,0.7722253670110122,2,1,43,20,0
513,1767130,1558857,0.8821405329545647,1,1,57,16,1
704,1834227,1694502,0.9238234962193883,3,1,57,8,0
724,2597905,1936081,0.7452470355921406,2,0,30,16,0
599,332101,1588303,4.782590236102872,1,1,30,4,0
639,302775,1888243,6.236456114276278,1,0,39,25,0
633,1984361,618490,0.3116821989547265,1,1,37,24,0
674,2887551,1904933,0.6597054043374472,0,1,41,29,0
768,2442771,653608,0.2675682657113581,0,1,34,19,0
731,2809907,563092,0.20039524439776832,0,0,29,28,0
623,2106210,134924,0.0640600889749835,0,0,66,7,0
687,2462301,1361368,0.552884476755685,1,1,21,5,0
737,326616,1582526,4.845218850270654,1,0,65,10,0
678,1046055,795385,0.7603663287303248,2,1,33,18,0
649,1534215,1150735,0.7500480701857302,0,0,24,3,0
681,506903,673228,1.3281199756166366,1,0,21,17,1
600,1579894,1752300,1.1091250425661467,1,0,69,0,0
610,2196807,570192,0.25955489034767276,0,1,60,12,0
575,1338218,1687542,1.26103669207857,1,1,52,13,1
671,652365,1865011,2.8588458914871278,0,1,54,23,0
640,2684775,540420,0.20129061094505127,0,1,48,0,0
592,661309,1553813,2.3496020770925545,0,1,51,29,1
638,355863,762132,2.1416443968605896,0,1,28,28,0
682,2217577,1740027,0.7846523480357165,1,1,59,10,0
784,2892806,865328,0.29913101673599957,0,1,46,16,0
720,1851899,829115,0.44771070128554524,0,1,54,3,0
490,1077635,254536,0.23619871292227887,2,1,23,25,0
666,1013340,675425,0.666533443858922,0,0,32,11,1
750,578495,523448,0.9048444671086181,0,1,21,9,0
556,2645060,947929,0.35837712566066554,1,1,64,5,0
688,1131257,601233,0.5314733964077129,1,0,25,24,0
633,2146357,724773,0.3376758852325126,1,1,50,0,0
730,2179262,1389546,0.6376222776334374,2,1,50,6,0
678,2173233,1778332,0.8182886970702175,1,1,37,25,1
588,1623173,1102021,0.6789300955597463,0,1,68,26,0
635,2022750,100901,0.049883079965393644,0,0,67,20,0
640,2022199,187980,0.09295821034428363,1,1,43,27,0
641,2999134,1518314,0.5062508043988698,1,1,35,15,1
728,1000033,1625389,1.6253353639329902,1,1,57,23,0
591,1213438,889313,0.7328870531498107,1,1,41,13,0
720,2966506,392007,0.13214434759275728,0,0,34,22,0
628,434445,866722,1.9950097250515024,1,1,22,19,0
665,703551,498838,0.7090289119054625,2,1,31,19,0
655,2145700,615956,0.28706529337745257,1,1,59,5,0
648,2966981,1624960,0.5476812962401849,0,1,58,21,0
649,1513705,587063,0.38783184306056995,2,1,54,24,0
752,2988423,826546,0.27658266584081304,0,0,58,27,0
708,2550989,931633,0.3652046323994341,1,0,54,4,0
624,1014647,351839,0.34676000618934466,1,0,38,23,0
760,1207179,1125264,0.9321434517996089,1,0,50,20,0
669,1171535,1469971,1.254739295027464,1,1,35,17,0
675,2083611,696860,0.3344482247406066,0,1,47,14,0
591,2574749,1712119,0.6649654005108847,2,0,54,5,1
615,2042166,1736076,0.8501150249294132,1,0,58,24,0
601,1335408,936642,0.7013901369469107,1,0,53,28,1
656,1761312,487773,0.27693730582656567,0,1,44,18,0
694,2875606,122499,0.042599368620040434,0,1,35,0,1
675,1159625,726840,0.6267888325967447,1,0,50,0,0
761,796440,544844,0.6840992416252323,0,0,62,12,1
587,1771926,1734224,0.9787225877378627,2,0,37,2,0
658,1752137,1546395,0.8825765336842952,0,1,25,9,0
560,2569409,586525,0.22827233811355063,1,1,49,20,1
585,2119400,971905,0.4585755402472398,0,1,24,2,1
738,1572597,243704,0.1549691370389235,1,0,30,8,0
617,2003820,785967,0.3922343324250681,0,1,37,7,0
593,1943608,1240449,0.6382197438989755,1,1,30,2,1
500,595599,165756,0.2783013403313303,1,0,37,24,1
593,1857009,540210,0.2909032751052903,1,1,40,12,0
635,1245522,1343030,1.0782868548287385,0,0,44,5,0
554,2713515,1467064,0.5406507795239753,1,1,25,12,0
631,897904,1595567,1.7769906359699923,2,0,54,22,0
738,416841,1549141,3.7163834651581777,1,1,26,19,1
600,2013422,1700328,0.8444965834286106,1,0,22,19,0
583,469934,1584416,3.371571327037414,2,0,33,11,0
571,1931734,1270473,0.6576852713675899,1,1,63,12,1
570,1435270,620082,0.43203160380973615,3,1,63,1,1
687,537068,399488,0.7438313211734827,0,1,68,20,0
653,1130288,1143361,1.0115660787339156,2,1,31,23,0
716,2498559,183791,0.07355879929191186,1,0,67,22,0
791,1904243,1828235,0.9600849261360026,0,1,43,15,0
521,1151161,803335,0.6978476511973564,0,1,36,22,1
676,1585076,1281110,0.8082325390075933,0,1,51,5,1
571,878641,1230017,1.3999084950508798,1,0,31,18,0
705,1005356,1386188,1.3788031304333987,2,0,36,20,1
630,2149039,533797,0.24838869839030375,1,1,28,12,0
651,1938846,1380020,0.7117739108727563,1,1,24,16,0
560,336683,1088793,3.2338817225698953,1,1,60,22,1
620,2514949,900607,0.3581014962927678,0,1,24,8,0
656,1759410,237263,0.13485372937518827,1,1,45,16,0
744,624934,445578,0.7130000928098007,1,1,23,28,1
594,2102466,1757382,0.8358670247223974,1,1,52,1,0
611,2682865,1884094,0.7022694022994075,0,1,23,18,0
716,1097583,1002153,0.9130544113748117,0,1,47,18,0
589,764310,147645,0.1931742355850375,1,1,49,23,0
729,1538822,339608,0.22069349151493806,1,1,52,6,0
649,857242,647571,0.7554121239976576,0,0,39,21,1
671,1068223,1664945,1.5586118254334536,0,0,41,9,0
675,409373,449115,1.0970801689412835,3,1,25,9,1
606,858988,1863059,2.168899914783443,0,1,38,26,0
677,1310540,202780,0.15473011125185038,0,0,48,19,0
595,1472304,1571816,1.0675893022093264,0,0,62,8,0
614,2333648,1591422,0.6819460347061768,3,1,42,16,1
689,1943909,917166,0.47181529588061993,0,1,41,26,0
670,1779634,1149091,0.6456895069435625,0,1,26,14,1
644,1214424,953159,0.7848650883052377,1,1,21,1,0
561,1166491,1901736,1.6303049059101185,1,1,25,29,0
579,1874745,995596,0.5310567570522925,3,1,61,3,1
669,2299117,1456936,0.6336937180665447,2,1,32,18,0
701,1219134,433977,0.35597153389209063,3,1,46,16,0
572,2155797,683043,0.31684012919583804,1,1,66,4,0
591,1736803,1700720,0.9792244716297703,0,1,54,6,0
659,2485211,608175,0.24471765174063692,1,1,69,17,0
657,742136,1222446,1.647199435143963,2,1,34,20,1
536,1982252,1285656,0.6485835302474156,1,1,46,21,1
661,2595455,1942995,0.7486144047960762,2,0,65,26,1
608,811162,196502,0.24224754118166286,1,1,47,6,0
764,2870725,690611,0.2405702392252828,0,0,29,16,0
667,2726277,532206,0.1952134724387874,0,0,46,6,0
679,1207383,1944881,1.6108235746237938,2,1,67,3,0
681,1430548,837902,0.5857209964293404,0,1,42,7,1
565,1686205,1627553,0.9652165661945018,2,1,67,12,0
786,2579042,791804,0.30701477525375703,0,0,50,3,0
536,1247436,528556,0.42371392199679986,1,0,63,5,1
705,1617621,1778083,1.0991962888711262,0,0,68,24,0
693,2514625,1677897,0.6672553561664264,1,1,37,4,1
616,2667893,435468,0.16322543670229653,2,1,46,29,0
696,1740351,1950697,1.1208641245357978,3,1,56,11,1
627,1871836,1782620,0.9523377047989247,1,1,21,3,1
602,2198917,580350,0.263925377810986,1,1,28,23,0
682,1158823,596232,0.5145151589155549,1,1,69,28,1
579,1039574,1637031,1.5747132960231787,0,0,55,8,0
634,625437,1410786,2.2556804282445713,2,1,35,3,0
608,2116760,1787023,0.8442256089495266,1,1,67,18,0
626,2391013,1849182,0.7733885177537722,1,1,42,23,0
680,2554029,631821,0.24738207749403002,0,0,34,13,0
608,2097001,1874088,0.8936991446356011,2,0,46,4,1
636,1172834,1915517,1.6332379518329108,2,1,48,17,0
614,2149087,1526548,0.7103239654792942,0,1,43,9,0
751,743066,1994666,2.6843725860152396,1,1,34,24,0
673,2732075,1973506,0.7223469341068601,0,0,44,18,0
665,919696,1781892,1.9374793409996347,1,1,22,11,1
697,1993470,1946780,0.9765785288968483,0,1,65,17,1
608,420062,975817,2.323030885916841,2,1,46,16,1
710,1667741,1066540,0.6395117707125987,2,1,34,29,0
674,1332499,350231,0.26283772070373035,1,0,27,23,0
540,2164445,1161516,0.5366345645188489,1,1,23,10,1
550,2631348,480171,0.18248099453208014,3,1,67,2,1
609,507609,641220,1.263216373232153,0,1,43,22,0
557,2312755,1374953,0.5945087136337398,0,1,66,16,1
633,583006,550043,0.9434602731361256,1,0,63,0,1
579,2670965,1078935,0.4039495088853654,1,1,67,14,0
643,2150924,1173224,0.545451164243832,1,0,65,27,0
748,2670174,1130451,0.42336229773790024,3,0,38,8,0
646,2888273,132966,0.04603650693684427,1,1,58,14,0
628,1914099,520993,0.2721870707836951,0,1,55,27,0
677,2678227,1404309,0.5243427834907198,0,1,35,23,0
601,1441452,263639,0.18289821652056398,1,0,45,27,0
709,2921776,346331,0.11853441194670639,1,1,57,28,0
684,1656256,1034678,0.6247089821863286,0,1,48,2,0
652,2990944,1191174,0.3982602148351825,0,1,30,21,0
660,1530796,290271,0.18962095537223772,0,0,59,26,0
792,413936,507014,1.2248608480538055,0,1,37,18,1
715,316279,1082868,3.4237745787738043,0,1,59,12,0
803,1419962,947516,0.6672826455919243,0,1,42,11,0
687,386124,799597,2.0708295780630057,1,1,46,19,1
546,1716470,1869433,1.089114869470483,1,0,64,0,0
631,2212493,755538,0.3414871821063389,2,1,45,20,0
530,2733351,348004,0.12731771367819208,1,0,37,16,1
686,2489063,1103510,0.44334353931579873,1,1,33,12,0
702,1293978,117118,0.09051003958336232,2,1,40,0,0
587,747244,1171192,1.5673488177891024,1,1,45,9,1
604,1569670,231870,0.1477189472946543,2,1,24,14,0
660,2773188,1418321,0.5114406235711391,0,1,30,26,0
566,2357712,1960371,0.831471782813168,2,1,23,26,0
560,537723,102795,0.1911671994688715,0,1,61,29,0
736,1759900,1246038,0.7080163645661686,0,1,65,6,0
658,1138927,1587056,1.393465955236815,1,1,38,27,0
610,382806,1513612,3.9539923616662227,1,0,67,21,0
531,1578673,1483553,0.9397468633466208,1,1,56,17,1
709,1274334,1671480,1.3116498500393146,3,1,67,15,0
602,1292144,1413804,1.0941535927884198,0,1,42,13,0
780,2594630,1618438,0.6237644673807056,0,0,54,26,0
710,2884588,887163,0.30755275970086543,3,0,67,27,0
593,2038460,1280777,0.6283061723065452,0,1,28,17,0
599,789709,259094,0.3280879412543101,0,0,60,26,0
770,2037821,363749,0.1784989947595986,3,1,69,6,0
644,737585,1226082,1.6622924815445,1,1,64,16,1
614,2754698,864601,0.31386416950242824,0,0,39,28,1
651,1117108,1192706,1.0676729555244435,1,0,62,17,0
613,1150525,1046769,0.9098185610916756,0,1,61,11,0
666,1789556,263402,0.1471884646247449,2,0,57,7,0
644,2579023,954901,0.370256876344259,1,1,26,21,0
711,2738710,1294835,0.47279010921200126,3,0,46,29,0
622,798512,519007,0.64996768990322,0,1,54,1,1
588,1067442,1501156,1.4063115373013242,0,1,65,6,1
625,775278,1350258,1.7416436426675335,1,1,26,3,0
625,2230440,1523061,0.6828522623338893,1,1,57,17,0
644,2691219,323034,0.12003259489472987,0,1,53,27,1
694,679593,609394,0.8967043509865463,2,1,42,5,1
690,794955,1772558,2.229758917171412,1,1,41,26,0
733,1584574,644061,0.4064568773689332,0,1,26,8,0
593,1820180,890671,0.4893312749288532,1,1,26,26,0
677,2182582,383007,0.1754834411719697,2,1,68,8,0
700,1785183,413559,0.23166196406754938,0,1,24,13,0
602,946045,168968,0.1786046118313611,1,0,50,7,0
635,1926528,593891,0.30827011078998073,2,0,31,18,0
527,2202392,684718,0.31089742425508265,1,0,50,2,1
713,1645205,1398648,0.8501360012885932,0,1,51,17,0
634,1608014,101515,0.06313066926034226,0,0,44,4,0
706,2547680,197206,0.07740611065753941,1,1,29,13,0
664,768011,345282,0.44957949821031207,2,1,23,27,0
637,2694850,1908566,0.7082271740542145,1,1,51,29,1
538,1046760,507821,0.4851360388245634,0,0,60,3,0
550,598783,942672,1.5743132320055846,1,1,57,6,1
468,1437613,105586,0.07344535699106783,4,1,56,19,0
610,2415226,1118725,0.46319681884842245,2,1,44,24,0
809,1640683,1008806,0.6148695390882943,2,0,51,27,0
559,2100298,869565,0.41401982004458415,2,1,26,11,0
465,2973705,1704050,0.5730393566275067,2,1,22,1,0
717,2413213,1699792,0.7043688228100876,2,1,40,10,0
815,753222,1902200,2.5254174732017916,0,1,48,13,0
670,2388618,1887023,0.7900061876783981,1,1,31,21,0
670,937790,1533710,1.6354514336898454,1,1,24,22,1
628,1633520,1497749,0.9168843968852539,2,0,35,15,1
524,2899327,644999,0.22246507551580075,1,1,26,19,0
548,506548,1727826,3.4109817825753925,1,1,69,28,1
627,1811252,120039,0.06627404690236367,1,1,50,5,0
614,750983,1709425,2.2762499284271414,1,1,58,22,1
641,2163062,306555,0.14172270605280848,1,1,22,3,0
708,2865687,1639663,0.5721710012293736,0,1,35,14,0
609,2893157,1098899,0.37982695028302993,3,1,31,23,0
709,2880388,1368306,0.47504225125226185,3,0,28,24,0
609,2029004,101577,0.050062493716128705,3,1,46,0,0
722,2225618,207792,0.09336373088283793,0,1,65,6,0
656,1681173,1045854,0.6220977852963377,0,0,64,24,0
619,2767760,1920844,0.6940067057837385,0,1,25,11,0
654,517314,1387116,2.681381134088774,1,0,26,9,1
629,2935122,1051302,0.35818000069503075,0,1,46,4,0
657,1834090,1377082,0.7508257500995044,0,1,24,11,0
703,2551607,1885353,0.7388884730289579,0,0,39,17,0
643,1048692,110785,0.10564112246493727,0,1,40,9,0
624,2682962,1220803,0.4550206078207593,2,1,53,5,0
571,2376775,1005112,0.4228889987483039,1,0,40,27,0
690,2825010,948389,0.33571173199386906,0,1,69,11,0
674,1914694,1738295,0.9078709182772808,2,1,32,6,1
567,2931674,1559089,0.5318084480061562,1,1,67,17,1
708,881904,958326,1.0866556904152833,3,0,21,1,1
566,571365,1396517,2.4441766646539427,3,0,46,9,0
722,1016773,1867708,1.8368977146324696,3,1,34,14,1
698,2245537,250653,0.11162274324582494,2,1,58,29,0
679,2341381,417336,0.1782435238006971,2,0,57,11,0
623,378116,363606,0.961625532905246,1,1,31,25,0
690,684370,490992,0.717436474421731,4,1,56,16,1
725,2322643,1868109,0.8043031150288701,1,0,33,3,0
691,819385,1033015,1.2607199301915462,0,0,63,6,0
603,1872138,1486826,0.7941861123485555,3,0,23,29,1
668,2317337,1459385,0.6297681347167028,0,1,53,8,1
729,2623724,1848350,0.7044757756532318,1,1,26,18,0
803,2528531,1491730,0.5899591501943223,0,1,30,27,0
635,1929753,1745437,0.904487258213875,2,1,25,26,0
710,1286399,324737,0.25243878454507507,1,1,43,22,0
729,526256,994235,1.8892611200632392,1,0,30,6,1
593,1122376,743970,0.6628527338432041,0,1,64,22,0
774,1185987,1686250,1.4218115375632279,2,0,22,1,1
575,2959574,486213,0.1642847923383568,0,1,33,5,0
706,720539,1203036,1.6696334271982503,0,1,60,17,0
671,2599986,499437,0.19209218818870563,0,1,22,5,0
653,1829017,516690,0.2824960074181924,1,1,40,12,0
828,850242,1123577,1.3214790612555014,0,1,21,25,0
628,2083802,1263951,0.6065600282560435,2,0,57,18,1
627,1615712,999092,0.6183602028084213,2,0,29,29,1
743,826249,252117,0.30513440863468516,1,1,37,1,0
703,2933937,977751,0.3332556220532343,0,1,29,11,0
739,2383631,1265158,0.5307692339963694,0,0,31,14,0
658,2822919,1647485,0.5836104401153558,1,1,35,13,0
672,2321835,1022426,0.44035256596614314,0,1,44,5,0
783,1099687,1915879,1.7422039180239468,1,1,58,17,0
591,2532791,778066,0.3071970802170412,0,0,55,4,1
642,2183855,1977779,0.9056365921730152,0,1,50,17,1
705,1368965,1725199,1.2602214081441088,1,1,51,2,1
636,1524171,1901951,1.2478593281200074,1,0,69,2,0
610,2720872,152949,0.05621322870021082,2,1,25,21,0
693,1037463,563930,0.5435663729694457,0,1,64,21,0
743,2388523,195558,0.08187402842677252,0,1,34,9,0
640,2400510,1557032,0.6486255004144953,0,0,31,18,1
638,650679,1109260,1.7047730140361068,0,1,29,2,0
604,2898262,889148,0.3067866190151201,0,0,54,28,0
629,1601133,1296222,0.809565476446991,0,1,32,11,1
725,2604748,1915751,0.7354842003909783,1,1,55,28,1
655,2127352,1615509,0.7593990087207007,1,0,55,15,1
593,930270,1653091,1.7770013006976468,0,1,21,16,1
668,2625281,817186,0.31127563106577927,0,1,60,6,0
723,2726105,1824149,0.669141137263605,1,1,42,12,1
610,917367,171916,0.1874015524866275,0,1,49,23,0
556,1404381,1870087,1.3316094421670472,2,1,28,1,1
803,2559573,1408166,0.5501566081530005,0,1,31,3,0
553,2316328,872378,0.3766211002932227,3,1,61,9,1
624,1161465,1723770,1.4841342614715036,1,0,57,6,0
666,538483,1935471,3.594302884213615,1,1,34,23,0
630,2789703,1223270,0.43849470714266,1,0,50,16,0
644,2166962,513867,0.23713706100983772,5,1,55,19,0
690,570146,955126,1.675230554980654,0,1,41,5,0
482,1680503,1430728,0.8513689056193294,2,1,57,18,0
561,407524,1129242,2.7709828132821626,1,1,25,4,1
653,2615458,170474,0.0651794064366547,0,1,39,9,0
621,1211289,1711049,1.412585270732253,1,0,34,8,0
659,844026,450068,0.5332394973614557,0,0,46,26,1
665,413776,1410624,3.4091489114883413,0,0,24,12,0
501,480494,1091921,2.2724966388758236,0,1,45,18,0
739,2349186,1929438,0.8213219387481451,1,0,65,20,0
615,2590123,826499,0.3190964290112863,1,1,62,23,0
589,2179732,921412,0.42271802221557514,1,1,45,5,1
664,2167307,1695368,0.7822463545773626,2,0,38,3,1
657,577785,1203546,2.083034346686051,2,1,60,23,1
733,1690254,1427486,0.844539341424425,0,1,28,26,0
669,568449,741232,1.3039551481311429,2,1,59,2,0
731,1688977,504911,0.29894486425806865,0,1,60,2,0
584,536371,511012,0.9527211575569895,3,0,34,3,1
659,2999403,1322191,0.4408180561265025,1,1,52,24,0
571,946275,1646242,1.7397078016432854,0,0,58,4,1
656,2024502,1837075,0.907420689137378,2,1,53,7,0
641,424591,1269070,2.9889234581043875,1,1,43,15,1
638,2989206,1907805,0.6382313564204006,2,1,35,21,0
639,2927951,1681666,0.5743490925906889,0,1,53,2,0
701,939104,271277,0.28886789961495213,4,1,45,23,0
537,2898133,591966,0.20425770659938658,0,0,37,11,0
587,1073720,396303,0.36909343217971163,0,0,53,24,0
647,1243681,1160092,0.9327890351303911,1,0,67,7,0
567,566909,1461212,2.57750714841359,0,0,22,12,0
653,1634649,915518,0.5600700823234835,2,0,34,3,1
646,1508468,1786622,1.1843950285985516,2,1,60,13,1
551,1460152,1703344,1.1665525232989442,1,0,60,13,0
548,1283667,283163,0.2205891403300077,0,1,59,12,0
466,2410932,1276599,0.5295043576509002,0,1,26,26,1
564,2665885,472339,0.17717906061214195,1,1,26,5,1
651,2300892,1327414,0.5769127799131815,3,1,23,16,0
660,1180096,925169,0.7839777441835241,0,1,27,3,0
664,2501340,371409,0.14848401256926289,0,0,28,7,0
595,890073,738453,0.8296544216036212,1,1,62,16,1
648,1892173,743789,0.39308720714226447,0,1,35,2,0
677,1927059,1922193,0.9974749086561439,1,1,67,16,0
561,2381742,1481710,0.6221118828151831,1,1,49,8,0
658,1374477,594670,0.4326518377535601,0,1,53,1,0
695,2027512,901818,0.4447904623992361,0,1,50,24,0
615,1773300,923857,0.5209817853719055,1,1,59,12,1
724,2865079,221635,0.07735737827822549,3,1,47,19,0
617,1898328,798614,0.42069336805862845,1,0,56,1,0
589,2326361,320935,0.13795580307613478,2,0,49,19,0
688,597584,1660142,2.7780897748266353,1,1,58,27,1
792,1705802,1202210,0.7047769905299677,0,1,53,10,0
655,1192015,1104221,0.926348242262052,0,1,57,26,0
694,880971,803022,0.9115192214045639,1,0,47,25,0
614,2783502,973420,0.34971054448676525,0,1,53,21,0
563,2569654,1907720,0.7424034519822513,1,1,24,14,0
661,2268067,592503,0.2612369916761718,1,0,42,10,0
672,1856570,318599,0.17160624161760665,0,1,22,22,0
624,1951348,337919,0.17317208411826082,1,1,30,2,0
694,1154741,568668,0.4924636780022533,1,1,25,2,0
604,2323615,503359,0.21662753941595317,1,0,30,27,0
586,749777,1633183,2.1782249922310233,2,0,53,25,1
724,441449,1740307,3.9422606008848136,1,0,58,11,1
724,2975032,1440144,0.48407680993011165,1,1,33,23,0
605,1486995,1499564,1.008452617527295,1,1,51,4,1
770,595920,928416,1.5579540877970197,2,0,67,19,0
629,1928662,141505,0.07336951731303878,2,0,56,6,0
655,435370,1251054,2.8735420446976137,0,1,65,6,1
644,1156636,1211275,1.0472395809917727,1,0,44,12,0
686,748377,1044461,1.3956348204180513,2,1,35,8,0
668,2300564,1567256,0.6812485981698401,1,1,49,24,0
668,791830,1000444,1.263458065493856,0,1,28,20,0
578,1216004,254721,0.2094738175203371,0,1,25,12,0
531,2640919,1110165,0.420370711862045,1,0,49,11,0
729,1893786,921190,0.48642771675363533,0,1,67,12,0
611,727244,236668,0.32543135453850425,1,1,24,23,0
646,804677,378518,0.47039743897240754,0,0,32,9,0
672,1116698,742974,0.665331181751915,0,0,65,0,1
764,818895,1414495,1.727321573583915,1,1,22,24,0
661,1575393,1962396,1.2456548937312786,0,1,47,7,0
622,2814368,1534520,0.5452449715175841,2,1,51,21,0
613,2389319,907461,0.3797990138612718,0,1,56,15,0
647,1231515,708269,0.5751200756791431,1,0,56,12,0
586,2509821,1464359,0.5834515688569025,0,0,46,2,0
652,1092330,1262586,1.1558649858559227,0,1,63,2,0
646,580539,1703969,2.9351499210216714,1,1,47,23,0
764,2042955,623472,0.30518146508366556,1,1,25,4,0
644,566150,506884,0.8953174953634195,1,0,40,25,1
515,2145964,359021,0.1673005698138459,1,1,31,10,1
837,2840410,247032,0.0869705429849916,1,1,30,29,0
716,789415,750807,0.951092897905411,4,1,60,6,0
795,2272158,1291005,0.5681845188582836,0,1,58,20,1
568,946012,557820,0.5896542538572449,1,1,26,23,0
634,1935765,989171,0.5109974609521301,1,1,28,9,1
697,1024857,1462516,1.4270439680853035,4,0,43,9,0
687,2885181,377948,0.1309962875812644,0,0,67,19,0
671,2569798,1800596,0.700676084268102,0,0,46,1,0
496,2747316,1133237,0.41248877085853974,0,1,66,2,0
530,2640086,1818562,0.6888268033692841,3,1,63,7,0
756,2305534,259204,0.11242688244892507,0,1,32,10,0
768,432659,1942959,4.490739820505294,0,1,46,12,0
642,2898475,1023953,0.35327301425749746,0,0,33,6,0
747,939872,1429785,1.5212550219604373,0,1,60,12,1
578,2389237,987935,0.4134939313261933,1,1,38,1,0
594,1047108,205072,0.19584608273454124,0,0,45,5,0
572,1236320,764490,0.6183593244467451,0,0,53,8,0
590,1115864,189360,0.16969809940996394,1,1,67,19,0
700,2375838,162287,0.06830726674125087,1,1,60,24,0
589,1528265,1386585,0.9072935649249312,1,1,63,1,0
806,1513865,807062,0.5331135867465064,2,1,32,17,0
682,1631604,792353,0.4856282529339227,1,1,64,15,0
725,567598,787235,1.386958727832022,1,1,56,24,0
684,1947824,870644,0.4469828896245246,1,0,68,11,0
734,1450997,761414,0.5247522910109393,0,1,24,6,0
589,1916482,330881,0.1726501996888048,1,1,25,6,0
751,1301452,1255933,0.965024449614738,0,1,57,16,1
659,1395687,1590309,1.139445305430229,2,1,28,12,0
734,732829,307440,0.4195248823395362,1,0,62,10,0
549,516750,653958,1.2655210449927432,1,1,69,5,0
662,420592,1984120,4.717445885799064,0,1,48,28,0
660,534000,974820,1.8255056179775282,3,1,51,22,0
606,622137,1499876,2.410845199690743,2,0,29,26,0
671,2905221,1307955,0.4502084350897918,2,1,49,13,1
757,679653,868447,1.2777799847863542,1,0,34,5,1
601,1410178,1346735,0.9550106440463544,1,1,60,5,1
717,2600269,1982930,0.7625864862443078,1,1,61,1,0
571,537069,294152,0.547698712828333,1,1,42,21,0
797,866510,703623,0.8120194804445419,1,0,31,19,0
704,1590894,912744,0.573730242241155,0,0,43,24,1
770,1938197,1122660,0.5792290463766067,0,1,21,14,0
697,1008092,1215561,1.2058036369696417,1,1,66,27,0
677,1397996,1803608,1.2901381692079232,0,1,57,16,0
705,899792,1924577,2.138913215498693,0,1,41,28,0
640,1875326,1075112,0.5732933900559156,0,1,46,7,1
536,2668756,583178,0.21852053915757005,2,0,66,4,0
681,923607,1319925,1.4290980904215753,3,0,56,16,0
597,964635,655839,0.6798830645788303,1,1,43,19,0
572,2360293,714101,0.3025476074368733,1,1,21,0,1
694,2396836,549813,0.22939116401789691,2,0,60,21,0
630,968629,1535062,1.584778072925754,2,0,35,17,1
721,2002457,1849148,0.9234395545072878,0,1,41,14,0
594,1471248,1158213,0.7872316563896773,2,1,67,4,1
617,1683640,1978266,1.1749934665367894,1,1,29,6,1
730,813953,1053197,1.2939285192142544,0,1,29,17,0
669,2157561,1027328,0.4761524703125427,0,1,30,5,0
546,2814734,1802417,0.640350740069932,0,1,46,21,0
668,344036,651238,1.892935623016196,1,1,61,20,0
753,1497017,516704,0.3451557330344278,2,1,55,4,0
616,2540019,1800734,0.7089450905682202,0,1,45,29,0
691,669349,1646336,2.459607768144869,0,1,46,18,0
590,985503,100215,0.10168918816076664,1,0,31,9,0
640,722641,467747,0.6472743727521688,0,0,58,14,0
726,2223217,897955,0.40389894463743303,2,1,22,9,0
665,637283,955121,1.498739178669445,1,1,27,26,0
740,1878232,1172410,0.6242093628476142,2,0,38,15,1
679,883117,1445194,1.6364694598790421,1,1,47,11,1
805,691180,1715930,2.4826094505049334,0,1,54,17,0
540,1802086,1117375,0.6200453252508482,1,1,47,22,0
634,933718,372544,0.3989898448996378,0,1,37,0,0
574,2797934,634633,0.22682200509375847,0,1,63,15,0
578,2409458,1182472,0.49076265284557774,1,0,64,21,0
579,878110,1627222,1.8530958535946522,1,1,44,5,0
661,324042,1963907,6.060655717468723,0,1,45,2,0
665,708302,1647963,2.3266389195569124,3,0,27,1,1
679,1047410,914661,0.8732597550147506,0,1,26,27,0
571,449395,610269,1.3579790607372133,2,1,44,1,0
627,1235783,1416303,1.1460774262147966,1,1,53,29,1
582,1657719,1022401,0.6167516931397903,5,1,69,12,0
715,2459932,613622,0.24944673267391132,1,1,49,8,0
589,2065520,1220113,0.5907050040667725,1,1,63,15,1
635,2248010,1913353,0.8511318899826958,1,1,42,26,0
689,1792017,497783,0.277778056792988,2,1,46,4,0
606,2041888,1747671,0.8559093348900625,1,1,48,22,0
698,2041599,753936,0.3692870147369782,1,1,41,27,0
761,422019,999084,2.367391041635566,1,1,69,20,1
663,671852,570455,0.8490783684501944,0,1,27,6,0
713,2065317,768689,0.3721893539829479,1,1,37,12,1
504,479001,332117,0.6933534585522786,1,0,40,19,0
619,984494,1921644,1.9519103214443156,1,1,61,23,1
662,893731,1482512,1.6587899491010158,0,1,69,28,1
576,2716826,1542020,0.5675814351011069,0,0,40,26,0
664,960187,1361862,1.4183299711410382,1,1,42,29,1
724,396143,661340,1.6694476489550492,2,1,48,25,0
518,444771,550985,1.23880603726412,0,0,60,12,1
566,1320332,146032,0.11060248482957316,0,0,69,26,0
662,1855289,604910,0.32604623861835,0,1,27,25,0
682,1308923,1106225,0.8451413872320984,0,1,21,6,0
701,2120908,1444406,0.6810318976589272,0,1,52,9,0
657,960673,963413,1.0028521671786341,1,0,33,14,0
682,2017534,723090,0.3584028819340839,1,1,50,20,0
713,411362,1020313,2.4803287615287752,2,1,43,26,1
620,1639527,1382913,0.8434829069603611,0,0,39,5,0
607,2336503,1321433,0.5655601554973394,0,1,52,4,0
638,476298,529763,1.112251153689497,0,0,50,22,0
663,2980990,404962,0.13584815782676224,0,1,49,27,0
603,773288,1482647,1.9173283433856467,1,1,69,1,0
622,2662854,1869617,0.7021102170828742,0,1,65,20,1
677,2709409,441609,0.16299089580052328,2,0,49,14,1
661,2188007,1893798,0.8655356221438049,1,1,50,25,0
637,2059814,850887,0.4130892400964359,0,1,36,15,0
528,2039122,737509,0.3616796837070072,1,1,60,18,0
649,1075292,399477,0.37150560033925667,1,0,39,8,0
582,2633647,1275033,0.48413207996363977,1,0,38,28,0
718,2678525,1427296,0.5328664096844345,1,1,21,21,1
628,2210217,1268451,0.5739033769082402,0,1,34,28,0
580,1900741,1974413,1.038759620590075,2,0,67,25,1
645,489073,980432,2.004674148848945,0,1,22,18,0
738,659281,566995,0.8600202341641879,0,1,48,6,0
694,519707,655889,1.2620361088074628,1,1,69,3,0
665,2638401,954378,0.36172590898805757,2,0,50,29,0
557,1385610,1462836,1.0557342975296078,1,1,58,2,0
763,471389,1666541,3.535383727664413,1,1,24,23,1
606,1359165,1659048,1.2206376709229563,2,1,21,28,0
715,1405797,728474,0.5181928827561875,1,1,28,19,1
627,1125963,949326,0.8431236195150285,2,1,49,10,0
708,876515,789995,0.9012909077425942,0,1,59,0,0
741,2662460,1942473,0.729578284744184,0,1,23,5,0
695,393078,1729618,4.4001902930207235,1,1,52,25,0
702,2350053,1377623,0.5862093323001651,1,1,30,10,0
643,1127679,192850,0.17101497855329398,1,0,30,26,0
619,1059401,996197,0.9403398713046335,0,0,39,0,0
659,2285681,1889055,0.8264735980217712,1,0,66,20,0
626,2360046,1503411,0.6370261427107776,0,1,54,6,0
822,2972039,1711735,0.5759463452532083,0,1,53,5,0
580,2861913,1342522,0.46909951490489055,0,1,43,13,0
720,2119231,570949,0.2694132918969192,2,0,48,1,0
686,1226921,915943,0.7465378781518941,2,0,52,26,0
666,1849317,967392,0.5231077203097143,2,0,27,3,1
753,368207,1066325,2.895993286385104,0,1,49,10,0
670,2731351,1397776,0.5117526088737772,0,1,28,14,1
605,1188698,825527,0.6944800109026851,0,1,21,17,0
670,2508578,1455182,0.580082421196391,1,1,23,26,1
637,1859657,1603174,0.8620804804326819,2,1,44,0,0
685,2531946,583410,0.23041960610534348,1,0,43,2,0
706,2043967,1907317,0.9331447131974244,0,1,28,2,0
589,845726,1705438,2.0165372709364497,1,1,67,27,0
733,2980259,1774936,0.5955643452465037,0,1,57,6,0
632,2441008,1583702,0.6487901719289736,2,0,23,0,0
681,742244,1353179,1.8230918673643708,2,1,53,24,0
693,1136309,1829122,1.6097047546046015,0,1,48,10,0
675,790999,1826749,2.309420113046919,1,0,67,5,0
642,917762,834172,0.9089197417195308,0,1,28,19,1
615,2306549,1889461,0.8191722785858874,2,1,54,2,0
631,2742432,209779,0.0764937836197944,0,1,55,18,0
759,2088053,1167133,0.5589575551961564,0,1,52,1,0
589,707407,1307708,1.8485935253679988,1,0,44,17,0
599,1171158,552082,0.471398393726551,2,0,34,29,1
596,1603306,434248,0.27084536576299223,3,1,52,11,1
659,1595308,1904841,1.1940271094986046,3,1,66,28,1
543,720602,1626369,2.25695876503257,1,1,63,9,0
555,1927650,761440,0.39500946748631754,0,1,36,4,0
631,2673000,1293502,0.4839139543583988,1,1,24,8,0
559,356635,823055,2.307835742425729,1,1,57,1,0
565,1701430,1830961,1.076130666556955,2,1,41,1,0
560,2643136,1332630,0.5041851800285722,0,0,34,27,1
590,1673713,665369,0.39754067752356587,1,1,51,5,1
701,1461328,1021872,0.6992762747309297,3,1,68,28,0
716,528584,854981,1.6174931515142343,0,1,38,9,0
784,2530038,481325,0.1902441781506839,1,0,27,17,0
781,1427113,913526,0.6401217002437789,0,1,30,11,0
705,2020444,1063544,0.5263912288586073,1,1,27,3,0
721,385166,428910,1.113571810595951,0,1,53,21,0
659,2773006,1303639,0.4701176268641323,1,0,43,20,0
686,2705631,1936309,0.7156589350136807,2,1,41,16,1
786,1164285,783970,0.6733488793551408,2,0,39,14,0
675,597883,705751,1.1804165697971007,0,0,68,5,0
730,2956225,1838614,0.6219465703726882,2,0,39,15,0
584,463052,1435186,3.0994056822991802,3,1,56,16,0
603,1056079,573656,0.5431942117966554,0,1,49,2,1
671,2220024,1058379,0.4767421433281802,1,1,38,9,0
660,1743401,1174657,0.6737732741922254,3,0,22,4,0
606,2463405,1172930,0.47614176312867756,1,1,21,13,0
818,2875849,717585,0.24952109794359856,0,1,67,25,0
662,915416,904732,0.9883288035166525,2,1,25,28,0
619,2558233,1212960,0.47413976756612863,0,1,40,20,0
660,1486430,1794548,1.2072872587340138,2,1,31,12,0
651,2816301,947324,0.336371715949396,2,1,62,25,0
663,2212162,135525,0.06126359642738642,1,1,22,5,0
538,2079810,1044036,0.5019862391276126,0,0,23,11,1
740,2959786,106464,0.0359701681135055,1,1,43,25,0
744,1460714,1689426,1.1565754829487498,0,1,32,7,0
752,612916,1728378,2.819926384692193,1,1,40,4,1
672,340149,475572,1.3981284672305372,4,1,25,29,0
696,648844,1261140,1.9436721307432911,1,0,57,14,1
589,428447,1518767,3.5448188457382126,1,1,58,26,0
708,2858845,1616011,0.5652670921298636,0,1,50,15,0
667,1354271,656922,0.48507425766334805,1,1,29,0,0
617,1912033,1935068,1.0120473862114305,2,0,54,15,0
710,980913,1944277,1.9821095244940172,2,1,64,4,1
713,1714474,294215,0.17160656854522144,0,0,55,2,0
654,653039,1695929,2.5969796597140444,1,1,42,19,0
680,1661425,365039,0.219714401793641,0,1,64,14,0
577,2590146,1491579,0.575866765811657,3,1,44,12,1
737,1726420,1816288,1.0520545406100485,1,0,37,23,0
587,1350457,1067241,0.7902813640123306,1,1,30,15,0
600,2305647,204127,0.08853350057489286,1,0,50,22,0
654,2706661,196426,0.07257133420106913,0,1,66,10,0
728,1869720,1049520,0.5613246903279635,1,1,43,20,1
727,1427787,1340952,0.9391821048937972,0,1,52,1,0
649,1287626,1160538,0.9013005329187201,1,0,37,21,1
704,1240335,133302,0.10747257797288635,0,1,37,26,0
531,2235657,1496102,0.6692001501124726,1,0,34,5,0
599,2282539,104011,0.04556811515597324,1,0,29,25,1
601,1259820,119782,0.09507866203108381,1,0,60,25,0
737,1019846,1347339,1.3211200514587496,1,1,22,29,0
695,2009813,1793518,0.8923805349054862,3,1,65,26,0
662,1388129,532941,0.38392757445453557,0,0,45,5,0
669,1855929,1682060,0.9063169981179237,1,1,59,13,0
759,1209210,1192035,0.9857965117721488,3,1,29,24,1
638,2252026,711533,0.3159523913134218,3,1,42,10,0
558,332766,622829,1.871672586742636,0,1,63,7,1
726,2346023,703151,0.29972042047328606,1,1,66,7,0
662,855710,1009638,1.1798833717030301,2,1,24,0,0
716,2394966,1923327,0.8030706907738983,1,1,46,20,0
646,574349,1511730,2.6320756195275,0,1,49,6,1
591,779806,1181345,1.514921660002616,0,1,65,5,1
678,2115419,469673,0.22202362747049167,0,1,54,20,0
650,1760235,1929297,1.0960451303377106,1,1,43,7,0
662,1758316,1173276,0.6672725494166009,1,1,57,18,0
763,1727197,1919728,1.111470202877842,1,1,31,21,0
573,1376778,1884292,1.368624426014942,0,1,26,20,1
670,739358,1093931,1.4795687610061703,0,1,38,23,1
592,1037744,331237,0.3191895110932947,1,0,41,19,0
468,2418007,1940277,0.802428198098682,2,1,62,7,1
646,2874115,1008063,0.35073857517879414,1,0,56,25,0
652,611385,406024,0.6641052691839021,3,1,61,13,0
693,2620220,214003,0.08167367625619223,1,1,58,17,0
634,2363534,1287968,0.5449331382582184,0,1,54,24,1
545,2753579,149589,0.05432529809386257,0,1,37,28,1
592,1233476,350606,0.28424225522020696,0,1,57,15,0
742,2520957,831636,0.32988900643684127,0,1,45,8,0
591,2228854,660185,0.29619930242178266,1,1,58,14,0
760,1109359,289637,0.26108500494429665,3,1,32,29,0
723,2512809,786290,0.31291276018193187,0,1,43,25,0
627,2501580,1861169,0.743997393647215,1,0,62,9,1
598,2519187,1362469,0.5408367858360653,0,1,42,28,0
723,1794139,1949388,1.0865311996450666,0,1,41,21,1
633,1579356,1880832,1.1908853988587753,0,1,47,15,0
541,2090146,1219510,0.5834568494258295,1,1,51,3,1
689,369518,680118,1.8405544520158694,1,0,26,19,1
679,476355,367673,0.7718466269903749,1,1,47,12,0
729,2216334,1925228,0.8686542732277717,0,1,60,21,1
674,420243,456742,1.0868521307909946,0,0,54,4,0
611,1307378,857582,0.655955660872372,3,1,32,21,0
738,2147756,182987,0.08519915670122677,1,1,65,6,0
745,2793460,1722042,0.6164548624286726,1,0,27,22,1
666,2419844,1286585,0.5316809678640442,1,1,30,8,0
654,1997818,1532672,0.7671729857274286,1,1,65,7,0
557,2789331,664174,0.238112292875962,1,1,37,28,0
607,2618620,1722563,0.6578132756948316,0,1,46,15,1
703,2477304,1749260,0.7061143888678983,2,1,41,5,0
610,2860837,1763542,0.6164426704492426,1,0,48,27,1
548,2401121,649567,0.270526558220098,3,1,66,15,0
850,1384309,531322,0.3838174858358936,0,0,22,5,0
547,2729151,210776,0.07723134410664709,1,0,63,13,0
807,341743,1774308,5.191936630742985,3,1,21,20,0
628,2003057,468444,0.2338645380535851,0,1,56,0,0
644,470948,1262369,2.680484894298309,0,1,46,24,0
602,1193877,1526998,1.2790245561309916,1,0,49,8,1
704,2417475,310809,0.12856761703843886,0,0,41,24,0
549,1627148,1320192,0.8113533618330969,2,1,31,26,1
521,2956018,1513967,0.5121643372942926,3,1,60,23,0
762,801793,1390838,1.73465969396091,0,1,31,12,0
593,626284,633285,1.011178634613051,1,0,56,25,1
702,2130314,1254678,0.5889638804420381,0,1,69,28,0
574,2218837,972143,0.43813177804408343,1,1,59,18,1
699,568508,1526765,2.685564671033653,1,0,60,16,1
767,691011,665148,0.9625722311222252,3,1,55,10,0
613,1777141,1413945,0.7956290468792291,2,1,54,27,1
514,2004627,1782978,0.8894313006858633,1,1,67,27,0
768,1082259,1076974,0.995116695726254,0,1,44,7,0
714,1968462,737506,0.3746610297785784,0,1,42,22,0
616,2070403,622070,0.3004584131688372,0,0,25,28,0
634,476968,207041,0.4340773385216618,0,1,53,4,0
572,2454214,474368,0.19328713795944444,0,1,56,9,0
749,1035122,425800,0.4113524782586014,0,1,67,6,0
612,1576485,1593672,1.0109021018278004,1,1,40,9,0
550,806995,816438,1.0117014355727112,1,1,39,3,0
664,2485454,581862,0.23410692774841135,3,0,55,8,0
589,2367790,1224866,0.5173034770820047,0,0,63,26,0
577,2372723,1205209,0.5079434051088138,4,1,37,25,1
619,1333224,1961663,1.4713679021679777,1,1,65,13,0
656,865635,1269694,1.4667775679125727,1,1,63,1,0
553,827409,798961,0.965617971281434,1,0,54,24,1
746,2480945,1151690,0.46421424094447883,0,1,29,8,0
697,1901028,912934,0.48023174829618503,2,0,46,20,0
624,587635,149768,0.25486569043709106,0,1,22,26,0
586,883510,1458848,1.6511957985761339,0,0,29,0,1
643,828036,1561820,1.8861740310807742,3,0,29,22,1
712,1899417,1073069,0.5649465072703888,2,0,60,9,0
702,884668,183123,0.20699629691590518,1,1,37,9,0
724,2441483,1781119,0.729523408518511,2,1,21,19,1
616,1051393,266405,0.2533828929810261,0,1,45,24,0
445,1993481,103174,0.051755697696642206,0,0,63,21,0
737,1125992,217769,0.19340190694072426,1,1,60,28,0
638,900198,397542,0.441616177774223,0,0,62,2,0
696,697891,529145,0.7582057943145849,2,0,45,5,0
766,800201,1283969,1.604558104776175,3,1,59,28,1
820,1341566,1534269,1.1436403427039743,1,0,55,25,0
604,1344863,1899907,1.4127141575015447,1,1,23,5,0
659,1358644,866868,0.6380391036945661,0,1,57,20,1
745,1187198,1335069,1.1245546235758483,1,1,64,1,0
590,1919282,696923,0.36311651961514774,2,1,64,25,0
609,2135295,1958768,0.9173289873296195,1,0,50,25,1
608,1370913,1028864,0.750495472725111,0,1,58,17,1
648,547667,1814249,3.3126863586814617,2,1,54,22,0
634,956521,867166,0.9065833369053058,1,1,32,1,0
608,2911393,317070,0.10890662991907997,0,0,39,11,0
582,1187099,499017,0.4203667933340016,0,1,57,21,0
706,1700791,1949138,1.1460185290256122,1,0,64,4,0
743,1717231,1031775,0.6008364628870548,1,1,69,19,1
753,1831181,1557867,0.8507444103013301,2,1,37,6,1
616,707974,1644247,2.3224680567365468,0,1,30,23,1
709,2924618,469359,0.1604855745263142,3,1,69,15,0
666,2953271,1298632,0.4397266624024683,1,0,67,19,0
